1.892,0.96725,1.4862499,1.2365,0.81200004,0.70175,2,2,2,2,1,1,2,30.7404
1.436,1.6055,1.9355,1.3594999,1.2372501,1.27475,3,3,2,2,1,1,1,49.605
1.43525,1.625,1.0985,1.85225,1.2005,1.74125,3,2,3,2,2,2,1,43.4097
1.03925,1.1472499,1.7975,1.007,0.986,1.02875,2,2,2,1,1,2,2,31.1675
1.3895,1.1615,1.04375,0.5705,1.53575,1.2327499,3,3,2,1,2,1,2,103.772
1.4660001,0.81799996,0.821,1.2455001,0.86074996,1.42925,2,2,2,3,2,2,1,82.8532
0.6665,0.59000003,1.1847501,1.3887501,1.0534999,1.8485,2,1,2,3,2,2,1,98.231
1.145,1.8185,1.535,0.87275004,1.4045,0.848,1,3,2,2,1,2,2,39.6331
1.67825,1.694,1.9235001,1.748,0.53075,1.442,3,2,2,2,2,2,2,32.6168
1.5747501,1.199,0.695,1.9745001,1.9355,1.84925,1,2,1,2,1,1,1,47.6462
1.2995,0.662,1.2335,1.27925,1.865,1.24025,2,1,2,2,1,1,2,63.7554
1.799,1.92725,1.13975,0.842,0.65975,0.65675,2,2,3,2,1,2,1,36.3466
1.66775,1.35425,1.9145,1.5935,0.83075,0.65,2,3,1,2,1,2,2,48.7336
1.37675,1.934,1.16225,0.91925,1.9580001,0.56075,2,3,1,2,1,1,1,68.5194
0.8675,1.1225,0.8945,1.90325,1.99175,0.9935,2,2,1,2,1,1,2,37.4132
1.54925,1.541,0.82925,1.48925,0.653,1.55825,1,3,3,1,2,2,1,76.6862
1.88675,0.90575004,0.95000005,1.511,0.82175004,1.175,3,2,3,1,2,2,1,78.3585
0.788,1.41725,1.943,1.75475,0.88625,0.94850004,3,2,2,3,1,1,2,56.7416
1.69475,1.2965,1.70075,1.031,1.5635,0.71225,1,1,1,3,2,2,2,79.1129
0.7865,0.875,1.1705,0.878,1.1,0.84875,3,3,3,3,2,2,1,69.1512
1.99025,1.97225,1.66325,1.1802499,1.76375,1.75925,1,1,2,1,1,2,1,15.8032
1.00775,1.22825,1.9445,1.31825,1.41125,0.5345,2,1,2,3,2,1,2,147.338
1.80275,1.706,1.505,0.59525,1.48475,0.90875,3,3,3,2,2,2,1,91.692
1.3565,0.99575,0.87049997,1.3512499,1.7435,1.67525,2,2,2,2,1,2,1,29.4058
1.83425,1.8725001,0.6845,1.2507501,1.69925,1.0745001,2,3,1,2,2,2,2,90.8379
1.5965,1.32875,0.5645,1.93475,1.11425,1.89725,2,2,2,3,2,2,2,78.5818
0.8105,1.7525,0.89975,1.44425,0.99275005,0.764,2,1,3,2,2,1,1,119.127
0.797,1.91075,0.6305,1.06925,1.21925,1.84325,2,2,1,2,1,1,1,64.1244
0.57575,1.4345,1.0595,0.57125,1.448,1.2409999,2,2,3,1,2,1,2,149.116
1.07225,1.61825,0.65825,1.4315,1.9985,1.1570001,2,2,2,2,2,2,1,74.2584
0.716,1.29725,0.521,0.872,1.724,0.51125,1,2,1,2,1,1,1,83.5957
1.4742501,1.898,0.7115,1.9355,0.73025,1.8005,3,3,1,3,1,1,2,46.3649
0.9515,0.98825,0.96650004,1.6775,1.73525,1.9842501,2,3,3,1,1,2,1,27.4427
1.1472499,0.76925004,0.95525,1.89425,0.78425,1.68725,2,3,2,2,1,2,2,34.6498
0.50825,1.31675,1.08725,0.77225,1.84025,0.82774997,1,3,1,2,1,1,1,66.0662
1.133,0.60125,0.572,1.8485,0.96575,1.664,1,2,1,2,1,1,1,59.8631
1.043,0.54125,1.8477501,1.19525,1.25525,0.6365,2,1,2,2,1,2,1,53.8254
0.551,1.80725,0.97249997,1.2545,0.7475,1.3115001,3,2,1,1,2,2,1,96.8484
0.88699996,1.0827501,1.24475,1.52525,1.6445,2,2,2,2,2,1,1,2,30.4044
1.60025,0.7475,1.15925,0.52325,0.82325,1.64825,3,2,2,3,2,1,1,130.773
0.73399997,1.724,0.8735,1.8845,0.581,1.2574999,2,3,1,3,2,1,2,127.532
1.72325,1.7975,1.85525,0.875,1.78175,0.986,3,1,2,2,2,2,1,72.707
1.367,1.448,1.7315,1.3625,1.8125,1.83275,3,1,2,2,1,2,1,29.3929
0.73475003,1.78475,0.755,0.97025,0.54425,0.88925004,1,1,2,1,1,2,2,30.5043
1.0115,1.8215001,1.68575,0.866,1.5305,1.5245,2,2,2,1,1,2,1,33.8412
1.9895,0.614,1.66475,1.4555,0.971,1.97375,1,3,2,2,2,1,2,99.3742
1.99625,1.859,1.796,1.3025,1.2904999,1.25525,3,2,3,3,2,1,1,107.852
0.85325,0.68225,1.1930001,1.12175,1.94375,1.394,3,2,1,2,1,2,2,30.0223
1.4300001,1.64,0.581,1.05275,0.608,0.74,3,3,2,3,1,1,1,79.4993
0.75725,1.604,1.5725,1.2492499,1.75025,1.808,1,1,3,1,2,2,2,61.4096
1.61225,1.1975,0.95375,1.3355,0.5195,0.86375,2,3,1,3,2,1,1,172.879
1.17875,1.07675,1.5665001,1.85825,1.67375,0.83525,1,3,2,3,1,2,1,34.2552
1.59575,1.4247501,1.8095,1.63025,1.18925,1.0504999,2,2,1,3,2,2,2,72.2997
1.166,1.24625,1.61975,1.4937501,1.4547501,0.96125,1,2,3,2,2,2,1,39.5023
1.613,0.9965,1.1967499,1.3085,0.5015,1.76,2,2,3,3,2,1,2,151.608
1.20875,1.6850001,1.6445,1.94375,1.607,1.0565,2,1,2,3,2,1,2,104.865
1.17125,1.3887501,1.673,0.80825,0.53675,1.88375,3,3,2,2,2,1,1,124.83
1.586,0.70175,1.57025,1.76075,0.76475,1.39175,2,2,1,2,1,1,1,24.1247
0.5345,1.05725,0.995,1.5912501,1.6767501,1.1255,2,2,2,1,1,2,2,33.291
0.61925,0.93125,1.4495001,1.6235,0.7175,1.943,1,1,2,3,1,1,2,69.3944
0.77225,1.9385,1.781,1.121,1.85975,0.6215,2,2,2,3,2,2,1,83.1913
1.48475,1.63475,1.66625,1.0595,1.03175,0.55025,3,3,3,1,2,1,1,109.539
1.2132499,0.50225,0.68675,0.99425,0.845,1.10975,2,2,1,1,1,1,2,78.8633
0.62675,0.587,0.89,0.85025,1.73375,1.4202499,3,1,1,2,1,1,2,80.3111
1.985,0.83375,1.8635,1.3392501,0.61625,1.11275,3,2,1,3,2,1,2,141.112
0.64625,0.728,1.0025,1.4000001,1.6595,0.91550004,3,2,1,3,2,2,1,79.9981
1.16225,1.88975,1.61375,0.9605,0.5315,1.8275,3,2,3,2,1,2,2,32.6007
1.004,1.5095,1.72325,0.94025004,1.18625,1.8845,2,2,2,3,2,2,1,71.9472
1.1652501,1.5215,0.596,1.53425,1.1945,1.60775,3,2,2,1,1,2,2,39.0557
0.5405,1.244,0.80974996,1.9332501,1.6655,0.56,3,1,3,3,2,2,2,104.259
1.6092501,1.80425,1.6767501,1.2485,1.0955,1.7870001,2,3,2,1,2,2,2,66.7464
1.57625,1.9505,1.4645,0.9695,1.92725,0.90575004,3,3,2,2,2,1,1,110.612
0.96875,1.6925,1.319,1.9760001,1.8575,1.57775,2,2,1,3,2,2,1,62.9964
0.7715,1.1645,1.1270001,0.89,0.95075,1.03475,2,1,2,3,2,2,2,89.6042
1.0534999,1.3865,1.21175,1.7585,0.6125,1.5057501,2,1,3,1,1,2,2,28.4112
1.955,1.49225,0.85175,1.6295,1.8185,0.5585,1,2,2,2,2,1,2,72.7895
0.73325,1.2155,1.3970001,0.827,0.79475,0.95075,1,2,2,3,2,1,1,132.198
0.71225,1.481,1.69025,0.85925,0.929,0.563,2,1,3,1,2,1,2,91.9599
1.1615,1.73225,1.62725,1.1389999,1.91075,0.50825,2,2,2,2,2,1,2,54.2951
1.51175,0.8945,0.6695,0.97925,1.454,1.0295,2,1,2,2,1,1,2,71.1137
0.68075,0.88100004,0.893,1.51475,0.89225,1.2672501,1,3,2,2,2,2,1,84.0408
0.82325,1.238,0.8585,1.772,1.50875,1.14575,2,2,2,2,1,1,1,39.2508
1.2409999,0.57275,1.28375,0.98899996,1.244,1.29725,2,2,1,2,2,1,1,70.1805
1.529,1.601,1.82375,0.91174996,0.584,0.97925,2,2,3,3,2,1,1,148.743
1.56425,0.70025,1.862,0.9515,0.6185,1.6745,2,2,2,2,1,2,1,26.4095
1.75325,1.97075,0.55175,0.5465,0.62525,0.5855,2,2,3,2,1,1,1,105.23
1.457,1.37525,0.61625,1.0265,1.2995,0.74825,2,2,3,1,1,1,2,62.3751
1.56725,1.484,0.52475,0.9755,1.373,0.7175,3,2,2,3,2,1,2,140.404
1.0504999,0.72275,0.92974997,1.3505,1.27625,0.85775,2,2,2,2,2,1,2,72.0016
1.84325,1.78775,1.6985,1.487,1.904,1.028,3,3,3,1,2,2,1,65.2725
1.766,1.7855,0.87950003,1.1375,1.07225,0.60875,2,2,2,2,1,1,2,46.2995
1.77425,1.0355,1.34375,1.415,1.88,1.7967501,2,2,2,2,2,2,1,41.8937
1.6145,0.70925,0.98975,1.5665001,1.74875,1.90325,2,2,3,1,2,2,2,82.4033
0.50225,1.7457501,0.53375,0.71075,1.6145,0.91025,2,2,3,3,1,2,1,55.3323
1.46075,1.34,1.0295,0.61325,0.9575,1.33175,2,1,1,1,1,1,1,31.2476
1.0025,1.1802499,1.90925,0.929,0.83975,1.61975,3,3,3,2,2,1,2,108.157
1.3715,1.1112499,1.44725,1.6955,0.94775,1.66925,1,2,2,2,2,2,2,37.0287
1.163,0.8825,1.8845,0.626,0.72125,1.4217501,1,2,1,2,1,2,2,44.4053
0.55550003,1.97975,1.5905,0.5225,1.37075,1.01075,3,1,2,3,2,1,1,120.44
0.60275,1.3062501,0.75725,0.6965,1.169,0.599,1,2,3,2,1,2,1,51.6683
1.388,1.39325,0.89225,0.92825,1.8425,1.58525,3,2,2,3,1,1,2,55.8289
1.4765,1.346,0.731,1.112,0.91775,1.031,2,3,2,1,1,2,2,38.9689
0.5675,0.78725004,1.2005,1.718,0.94624996,0.64849997,2,2,3,2,1,2,2,21.3568
1.3445001,0.9245,0.93875,0.908,1.5155,0.947,2,2,3,3,2,1,1,116.845
0.6935,1.2290001,1.84625,1.51625,1.6850001,1.60325,3,2,3,3,2,2,2,66.9838
0.82175004,1.46225,0.5495,1.0497501,1.17725,1.92125,2,2,2,2,2,2,2,102.844
1.253,1.19525,1.874,0.81875,1.682,1.64525,2,2,2,2,1,2,1,30.4987
0.7205,1.421,0.665,1.919,1.61675,1.77125,1,2,3,2,2,2,2,66.3562
1.89275,0.6245,0.72650003,1.6835,1.03775,0.61625,2,2,2,1,2,1,1,130.412
1.9475,1.96325,0.69425,0.596,0.93425,0.773,1,2,3,2,1,1,1,83.1199
1.6055,1.937,1.1719999,1.502,0.99125004,0.75874996,2,1,1,2,2,2,1,68.844
1.2950001,1.03175,1.2987499,1.28,0.92075,1.4300001,2,2,1,2,1,1,2,33.523
0.644,0.94925,0.5945,0.60875,1.1270001,1.37,3,3,2,1,2,2,2,93.421
0.9875,0.81425,0.8435,1.358,1.679,1.60625,2,3,3,2,1,1,2,55.3246
1.12475,0.5585,0.9425,0.66425,0.8555,1.922,1,2,2,2,1,2,2,48.0162
1.3055,1.2365,0.89825,1.2275,1.90025,1.9385,3,3,2,2,2,1,1,111.759
0.97775,1.286,0.54875,1.9235001,1.50425,0.81875,3,2,1,3,1,1,2,66.4905
1.7885001,1.40225,1.892,1.75175,0.77375,1.09175,2,1,2,2,1,1,1,47.0367
0.86074996,0.857,0.659,1.535,1.7255,1.3865,2,2,2,2,1,1,2,54.286
1.9580001,1.5665001,0.79775,0.70475,1.709,0.92974997,1,2,3,2,2,2,2,97.9439
0.99275005,1.0257499,1.2702501,1.751,1.96175,0.8585,1,2,3,2,2,1,1,50.6142
1.32125,1.52525,1.115,1.553,1.9685,1.3429999,3,2,1,2,2,1,2,58.664
1.757,0.77900004,1.148,0.55475,0.5615,0.96650004,2,2,2,1,2,1,2,125.852
1.0955,1.8545,1.355,1.73375,1.38575,1.496,2,2,3,1,2,1,1,99.1352
1.49675,1.4382501,1.46,1.7435,1.85075,1.00625,2,1,1,1,1,1,1,29.4782
1.895,0.78425,1.3264999,0.9185,1.1435001,0.72125,3,1,2,2,2,1,2,119.051
1.02275,0.72875,1.96475,1.83875,0.78875,0.6935,2,2,1,2,1,2,2,16.6977
1.5845,0.8495,1.8875,1.9115,0.6455,1.78175,2,2,2,3,2,1,1,118.035
1.71725,1.6685001,1.36925,1.8395001,1.33325,0.725,1,1,1,3,1,1,1,53.9052
0.56675,1.7285,0.635,1.43225,0.77975,1.79825,2,2,1,2,2,2,1,77.2718
1.094,1.358,1.30025,0.6035,1.235,1.32125,2,2,2,3,2,2,2,88.2642
1.64525,1.36175,0.73775,0.7445,0.92375004,0.8495,1,1,1,2,1,1,2,62.299
0.87575,1.2590001,1.59725,0.6935,1.97375,1.2695,2,3,2,2,2,2,2,83.9377
0.941,1.16675,1.22225,1.8575,0.7715,1.3655,1,1,3,2,2,1,1,103.066
1.9595,0.9065,0.524,1.4862499,0.953,1.47125,1,2,1,2,1,2,1,42.2069
0.8765,0.7715,1.33175,0.99125004,0.5135,0.76100004,2,3,2,1,2,1,2,150.915
1.0805,1.5747501,1.2755,0.53375,1.061,0.7895,2,3,1,1,2,1,1,114.379
1.4075,0.72125,1.09025,1.17125,0.72574997,1.502,3,2,3,1,2,1,1,126.775
0.89825,0.602,1.11275,0.76175,1.89125,1.4382501,2,2,2,1,2,1,2,151.15
1.5275,1.553,1.65725,0.905,1.67225,1.15625,1,3,1,2,1,1,2,54.8807
1.823,1.46075,1.44575,1.373,0.73625,0.71825004,1,1,2,3,2,1,1,139.319
1.6175001,1.3415,1.40975,1.694,1.763,1.79375,3,3,1,2,2,2,1,63.4859
1.379,1.088,0.671,1.577,1.1495,0.67550004,1,2,2,2,2,1,2,98.0776
1.18775,1.9535,1.29425,1.05425,0.8315,1.133,2,2,1,2,1,1,2,38.1743
1.8065,0.50975,1.01225,0.7655,1.7945,0.9125,3,3,2,1,1,1,2,66.4672
0.88625,1.5005,1.9475,1.568,1.526,1.5425,2,3,1,3,2,1,1,47.6505
0.93200004,0.61475,0.707,1.808,1.2095001,1.92875,2,2,2,1,1,2,1,37.7228
1.8125,1.0662501,1.88,1.3227501,0.90725005,0.7085,3,1,3,1,1,2,1,27.986
1.92275,1.86125,1.2935,0.57275,1.0497501,0.8105,1,2,3,3,2,1,2,136.966
0.56075,1.44875,0.52025,1.21475,1.7345,1.52225,2,3,3,2,2,1,1,153.902
0.9335,0.842,1.994,0.518,1.85,0.62525,2,2,3,2,2,1,2,145.735
0.85625005,1.67225,0.58775,1.58525,1.24325,1.5395,2,2,2,2,2,1,1,123.652
1.92875,1.5237501,1.079,0.94475,0.878,1.24625,3,2,3,3,1,2,2,40.866
0.6695,1.0055001,1.87775,1.0415001,1.0910001,1.49975,1,1,2,2,1,2,2,42.1693
0.72725,1.616,1.92575,1.13075,1.2725,1.883,2,1,1,1,1,2,2,31.5223
1.68425,0.84575,0.653,1.2785001,0.95975,1.64375,2,2,3,2,1,1,1,57.9994
1.1495,0.73325,1.4855001,0.81125,0.54575,1.2275,2,2,3,2,1,2,2,34.6411
1.51775,0.71525,1.4525,0.54275,1.253,1.05875,3,2,1,2,1,2,2,53.7568
1.74125,1.77575,0.97775,1.40375,1.95875,1.877,3,2,3,2,1,1,2,39.6423
0.677,1.37075,0.5975,1.14125,1.6865,1.85525,1,3,2,2,2,1,1,140.175
1.3640001,1.076,1.5155,1.2995,1.58,0.70325,3,2,3,2,1,1,2,32.0437
1.8755,0.82625,1.04,0.668,1.51925,0.89225,3,1,3,2,1,2,2,40.5221
1.559,1.85975,1.934,0.542,1.29425,1.1847501,1,1,3,3,2,2,1,69.8908
1.385,0.6605,1.11875,1.62125,0.52775,0.662,1,1,2,3,2,1,2,179.035
0.66875,0.803,1.757,1.028,1.31375,1.715,3,2,2,2,2,2,1,49.8539
1.0355,0.6845,0.72574997,1.1225,1.568,1.76675,3,2,3,2,2,2,1,74.4718
1.37075,1.73075,1.2260001,1.19,1.74425,1.85225,3,3,2,2,2,2,2,69.9002
0.77,0.95449996,1.17425,1.5275,1.421,1.6625,1,2,3,2,2,1,1,57.3068
1.829,0.79175,0.6785,0.68075,1.51175,0.99425,3,2,3,2,2,2,2,110.581
0.85925,0.935,1.66775,0.9875,1.901,1.67975,1,1,2,2,2,1,1,114.275
1.772,1.5402501,0.83525,1.49975,1.8807501,1.7765,1,3,3,2,1,1,2,51.6254
0.704,1.0580001,1.41725,1.292,1.25825,0.79025,1,2,2,1,1,1,1,63.6945
0.647,1.0295,1.2822499,1.59575,0.86675,0.97475004,2,2,3,3,1,2,1,30.322
1.013,1.1345,1.19975,1.8815,1.1884999,0.5975,2,1,2,1,2,1,2,74.9619
1.0992501,1.0835,1.3362501,0.7175,0.70025,1.7255,2,2,1,3,2,1,1,126.416
1.1389999,1.17125,0.9245,0.71525,1.7525,1.5912501,2,2,3,1,1,1,1,63.9909
1.1225,1.8035,0.98899996,0.635,0.73399997,1.85675,3,3,2,2,2,1,1,143.947
1.355,1.0632501,1.082,1.592,1.28375,1.75475,2,1,2,1,1,2,1,30.0211
1.15925,1.0947499,0.809,0.719,0.719,1.38575,1,2,2,2,1,1,1,65.6828
0.55025,1.01825,0.533,1.8785,0.8825,0.7835,3,1,2,3,2,1,1,148.699
1.454,0.52475,1.34825,1.928,0.8,1.41725,3,2,2,2,2,2,1,36.6401
1.7112501,1.5875,1.34525,0.93575,1.89575,1.22375,2,3,1,2,2,2,2,78.7425
1.0220001,1.83275,0.974,1.13675,0.58475,1.3625,2,1,2,2,1,1,2,59.448
1.36325,0.6275,0.72275,1.9685,0.83525,1.0782499,1,2,2,2,2,2,1,60.1695
0.83825004,1.74875,1.72025,1.337,1.9895,1.49,2,1,2,1,2,2,2,54.4117
1.244,1.78175,1.2455001,1.39025,0.88175,1.63475,2,3,2,2,1,2,2,32.8769
1.7915,1.19225,0.79625,1.1015,1.05275,1.47875,2,2,2,2,2,1,2,92.9682
1.76825,1.796,0.76325,0.53225,0.67175,0.8555,2,3,2,2,1,2,2,53.2597
1.4675,1.81025,1.4449999,0.76100004,0.5285,1.4855001,2,2,3,2,1,1,2,48.1361
1.3295,1.12025,1.6235,1.26875,1.4375,1.02425,2,1,3,3,2,2,2,79.13
0.90125,1.66325,1.2545,1.418,1.43975,1.8215001,1,2,1,1,2,2,1,79.5867
0.578,0.6125,0.689,1.394,1.775,0.64925003,1,3,3,2,1,2,2,46.2462
1.1802499,1.72925,1.6565,1.757,1.826,1.73675,1,3,2,1,1,2,1,27.1225
1.87775,1.7225,1.3429999,1.81625,1.655,0.9635,3,1,1,2,1,2,1,25.1598
0.71375,1.08575,1.0805,1.07225,1.796,0.8825,3,2,2,2,1,1,2,42.352
0.9935,1.52225,1.31,0.70175,0.9515,1.20875,3,3,2,1,1,1,2,56.649
0.51575,1.80875,1.544,1.5575,1.17425,0.64325,3,2,3,2,1,1,1,28.94
1.2214999,1.79225,1.802,1.48475,0.8045,1.457,3,2,1,1,1,2,2,28.8089
0.78575003,0.90725005,1.352,0.695,1.34225,1.085,3,2,1,1,1,1,2,71.3436
1.2207501,0.59075,0.96424997,1.973,0.599,1.2065,2,3,2,2,2,1,2,120.687
1.2672501,0.80375004,1.59875,1.6565,1.1735001,1.9332501,2,2,1,2,2,2,1,34.9757
1.1975,0.55025,0.92075,0.99724996,0.88325,0.7295,2,2,2,2,1,2,1,34.1096
0.8255,1.90025,1.622,1.25525,0.93275,1.30925,1,3,2,1,1,1,1,60.4011
1.4225,1.48775,1.63925,1.6385,1.973,1.42775,1,3,3,3,2,1,1,42.9416
1.2725,0.53675,1.19525,1.607,0.8075,0.758,1,2,3,3,2,1,1,138.541
0.74975,0.65375,1.05275,1.26125,0.908,0.7715,1,3,2,3,2,2,1,85.4702
0.956,1.799,1.47275,0.76475,1.142,0.78725004,1,1,1,1,1,2,2,23.6072
1.8245,1.73,1.12175,1.427,1.80275,0.518,2,2,1,1,1,1,2,47.9503
0.61325,0.89225,1.784,0.59375,1.619,0.782,1,2,2,2,1,2,2,46.6301
0.84725,1.304,1.88825,1.62725,1.5755,1.22675,3,1,3,1,2,1,2,80.0644
0.617,1.865,1.02125,1.1495,0.9755,0.596,2,3,2,2,1,2,1,53.3219
1.4247501,0.95675004,0.8765,0.67550004,1.2297499,1.34525,3,3,1,3,2,1,2,57.8749
0.821,1.16975,1.8905001,1.301,0.74375,0.539,3,3,3,2,2,2,2,95.0246
1.79,1.316,1.92425,0.56525,0.7685,0.81725,1,2,1,2,1,2,2,48.69
1.775,0.93200004,1.00025,1.892,1.90925,1.5095,3,1,3,1,2,1,2,65.5189
1.7457501,1.8807501,1.82825,0.6125,1.41875,0.94475,2,1,1,2,2,1,1,126.275
1.90625,0.98899996,1.4435,0.93050003,0.9965,1.1967499,2,3,3,2,2,2,1,81.7043
1.52225,0.52775,1.988,1.6092501,1.7870001,1.718,2,1,2,2,2,1,1,109.294
1.85,0.60725,0.644,1.0257499,1.31825,1.553,2,1,1,2,1,2,1,49.7426
0.92075,1.74125,1.8125,1.7795,1.38725,0.674,1,3,2,3,2,2,1,84.4401
0.5225,1.64975,1.739,1.9715,1.07075,0.788,1,2,2,2,2,1,1,38.6906
1.727,1.757,1.085,0.61025,0.53225,1.868,1,1,2,2,1,2,1,28.8426
0.54275,1.27925,1.952,1.65875,0.92974997,0.61175,2,2,3,2,1,2,2,17.7412
1.6985,1.70825,1.442,0.9095,1.9662501,1.784,1,1,1,1,1,1,2,22.3058
0.90349996,1.9835,1.99625,0.71225,1.5575,1.62425,2,2,1,3,2,1,2,100.297
0.6905,0.99125004,1.52825,0.87950003,1.5815,1.84025,2,1,3,2,1,1,1,66.1951
1.265,1.0325,1.86125,0.9125,1.955,1.69025,2,3,1,1,2,1,1,108.361
0.79175,1.0655,1.8815,0.98300004,1.48325,1.01825,2,1,2,2,1,2,1,39.7231
1.64975,0.59525,1.5305,0.64475,1.93475,0.69124997,1,2,1,1,1,2,2,47.9667
1.13375,1.811,1.5005,1.86875,1.84175,0.53975,2,2,2,2,1,1,2,23.3448
0.98,1.4082501,1.052,0.671,1.538,1.9715,3,3,2,2,1,2,2,28.3254
1.07675,1.11875,1.27775,1.0715001,0.5375,1.3924999,1,3,3,2,2,2,1,87.6056
1.96175,1.94825,1.95275,1.19225,1.52975,0.82175004,1,1,2,3,1,2,1,25.051
0.50975,0.86525,1.01975,1.50425,0.81425,0.6185,2,2,2,2,2,1,2,62.5352
1.47125,0.8765,1.62425,0.992,1.2409999,1.5905,2,3,2,2,1,2,1,30.3065
0.64175,1.9865,1.3759999,1.48025,1.8365,0.617,1,2,2,2,1,2,2,22.9653
0.611,1.4495001,1.1495,0.62825,1.96925,1.832,2,2,3,1,1,1,2,71.5046
1.99175,0.5915,1.0452499,0.8585,1.8477501,1.334,2,1,2,2,2,2,1,101.072
0.73025,1.454,1.0339999,1.00325,1.22525,1.928,2,1,2,2,2,1,2,126.905
1.46,1.73975,0.66125,1.37075,1.7585,1.49225,2,2,2,3,1,2,1,36.6132
1.142,1.24775,1.09325,1.847,1.29125,0.71675,1,3,2,1,1,2,2,44.083
1.6445,1.394,0.98300004,1.56575,1.8515,1.0115,2,3,3,2,1,1,2,54.8968
0.81125,1.92575,1.74425,0.94775,1.886,1.82375,1,3,2,3,2,1,2,38.9831
1.27475,0.6185,1.6865,1.91375,1.75925,1.2485,2,2,1,3,1,1,1,45.5303
0.55175,0.54425,0.5165,0.50225,1.94075,1.436,3,1,2,1,2,2,2,158.1
1.283,0.611,0.51575,1.4645,0.671,1.6445,2,2,2,2,1,2,1,44.2987
1.589,1.715,0.6395,0.56975,1.3325,0.5465,3,1,3,2,2,2,2,104.303
1.6535,0.75275004,0.74,0.93200004,0.72275,1.7615,2,3,2,2,1,1,1,70.7215
1.5755,1.7675,1.05125,0.752,1.4577501,1.79,3,2,2,2,1,2,1,41.3108
0.91025,1.27325,1.99175,1.78925,1.9250001,1.2545,2,2,1,2,2,1,2,36.099
1.4412501,0.50075,0.5345,1.421,1.77125,1.2005,3,1,3,1,1,1,2,76.7803
0.62975,1.016,1.88525,0.608,1.79525,0.6455,2,1,3,2,1,1,1,72.4613
0.509,0.83675003,1.9580001,0.74525,0.56375,1.4975,2,2,1,3,2,2,1,98.3657
1.3062501,0.69124997,1.0385001,0.569,1.91375,0.78125,2,2,2,1,1,1,1,72.0265
1.42625,0.5195,1.29275,0.998,0.85325,1.37675,1,2,2,1,2,1,1,151.748
0.62375,1.93475,0.8615,1.65575,1.36025,1.72475,2,2,3,2,1,2,1,27.4556
0.93799996,1.019,1.01825,1.991,1.52075,1.61075,3,1,1,2,1,1,2,57.038
1.52075,1.02425,0.63125,0.90875,1.72025,1.769,3,3,2,2,1,1,1,62.7972
1.12625,1.1495,0.73625,1.745,1.58225,0.9605,2,2,1,2,1,1,1,46.5171
1.3280001,1.373,0.854,1.58225,0.98899996,1.199,2,3,2,2,1,2,2,37.4377
0.65375,1.84025,1.889,1.59275,1.76825,1.78475,1,1,1,3,1,2,2,33.3629
0.98300004,0.52175,0.971,1.196,0.74075,0.52775,1,2,3,2,2,1,1,75.4528
1.89425,1.8050001,1.3234999,1.3842499,1.949,0.84575,1,2,1,3,1,1,1,54.5925
1.3264999,0.74975,1.63625,0.83225,0.78575003,1.37075,3,1,3,1,2,2,1,76.5952
1.472,1.25225,1.7525,1.7045,0.60275,0.9515,2,1,3,3,1,1,2,68.4028
1.679,1.367,0.512,0.96424997,1.10975,0.7445,2,1,1,2,2,1,2,163.044
1.7585,0.63575,1.97525,1.55075,1.02125,1.0085,2,2,1,1,2,1,2,123.049
0.5525,1.2492499,1.9535,1.81475,1.2935,1.37375,2,2,1,2,1,1,2,21.5361
1.56275,1.0864999,0.87874997,1.2672501,1.517,0.8915,2,2,1,3,2,1,2,115.172
1.23875,1.30925,0.557,1.92425,1.4862499,0.81799996,3,2,2,1,1,1,2,61.5944
1.08725,0.92825,0.7895,1.4944999,1.66475,1.72175,2,2,1,2,2,1,1,81.8286
1.7435,0.5945,0.70325,0.67625,0.824,0.53525,2,1,3,3,1,1,2,82.7503
1.871,1.97375,0.566,1.529,1.916,1.23575,1,2,3,2,1,1,1,62.5487
1.1945,0.87049997,1.78175,0.76699996,1.20425,1.673,2,1,3,3,2,1,2,108.172
0.8495,1.3775,1.1884999,1.025,0.911,1.646,2,2,1,2,2,1,1,71.4614
0.61175,1.47725,0.66275,1.56275,0.61175,0.98825,2,2,3,1,1,1,2,68.9697
1.9775,1.63175,1.028,0.6245,1.0625,0.68825,2,2,1,2,1,1,1,64.8831
1.4435,0.9815,1.9025,0.854,1.28525,0.59000003,2,3,1,3,1,2,1,49.858
0.9905,0.89,1.10225,1.35425,1.7015,1.019,2,2,3,2,2,1,1,62.2747
0.893,1.2245,0.8855,1.66325,1.0655,1.4465001,2,3,2,3,2,2,2,50.5793
0.746,1.8395001,1.05875,1.463,1.25675,0.74375,3,1,1,1,1,1,2,45.3627
1.17725,1.87925,1.7285,1.27625,1.1637499,1.75025,3,1,3,3,1,1,2,52.326
1.8485,0.85175,0.848,1.7405,1.3445001,1.463,2,3,2,2,2,2,2,79.7846
0.62225,1.982,1.3392501,0.52025,1.412,1.88,3,2,3,3,2,2,1,93.1883
1.57025,0.866,1.2327499,1.57175,1.2672501,1.36175,2,1,2,3,2,2,1,79.7843
1.8905001,1.66475,1.99025,0.59975,1.4525,0.77,1,2,3,2,2,1,1,112.678
0.70775,1.6775,1.922,0.86975,1.6745,0.98525,3,2,1,2,1,2,1,32.0345
1.4585,1.98275,1.84025,1.81925,1.17575,1.235,1,3,3,2,1,2,1,30.2749
1.65725,1.9295,1.3355,1.9175,0.69124997,1.20575,2,3,2,3,2,2,2,75.372
1.8605,1.655,0.5465,0.75049996,0.64775,1.1359999,3,1,3,2,1,2,1,34.2234
0.9245,1.2455001,1.4944999,1.4675,1.2590001,1.3069999,2,2,2,3,2,1,2,100.687
1.517,1.67,1.17575,1.4465001,1.78025,1.12925,2,1,3,1,2,2,1,37.6342
1.86275,0.76699996,1.02425,1.8132501,0.55475,0.89375,1,1,3,2,2,1,1,107.479
1.96475,0.6215,0.68975,1.66775,1.8605,1.904,2,2,2,2,2,2,2,66.6227
1.8965,0.8735,1.322,0.521,1.2207501,1.016,2,2,2,1,1,2,1,51.4969
0.902,1.556,0.53525,0.902,1.10675,1.12025,1,1,3,3,1,1,2,57.708
0.842,1.90925,1.92275,1.334,1.184,1.52525,1,1,2,2,2,2,2,69.4981
1.5912501,0.773,1.0257499,0.69124997,1.97675,1.0797501,2,2,2,2,2,2,1,87.725
0.94850004,0.713,1.223,1.21025,1.3722501,0.91475,2,3,3,2,2,2,1,81.2482
1.625,1.403,0.737,1.82375,1.4944999,1.74875,2,1,2,3,2,1,1,96.1679
1.98275,1.60475,1.0685,1.54925,1.3677499,1.037,2,2,1,2,2,1,1,59.6876
1.99325,1.913,1.00175,1.2012501,1.96475,0.97175,2,2,2,2,1,1,1,40.6087
0.83975,0.527,1.34975,1.13825,0.68825,0.92225003,3,1,1,3,1,2,2,61.5998
1.93775,1.06925,0.90725005,1.8987501,1.0025,1.178,2,3,2,2,1,1,2,59.9681
1.66625,0.7355,1.3415,1.166,1.562,1.169,3,2,1,2,1,1,1,36.3406
1.94225,1.1352501,1.17125,1.796,1.2545,1.4645,1,1,3,3,2,2,2,71.7539
1.0497501,1.733,0.74675,0.6005,1.3205,1.9685,1,1,2,2,1,1,2,70.7912
0.5735,0.7025,1.72475,1.80875,1.931,0.84725,2,3,3,1,1,2,2,40.8772
1.09175,0.51275,0.73175,1.0699999,1.97525,1.4225,3,2,3,3,2,2,1,79.0784
1.49525,0.91625,1.00475,1.51175,0.626,1.7735,2,3,2,2,1,2,1,38.5338
1.3527501,0.86375,0.6245,1.4765,0.791,1.298,3,3,2,3,2,2,1,65.2425
1.148,1.688,0.746,1.3565,1.586,1.8515,2,2,2,2,2,1,2,91.2848
1.98575,0.89825,0.67775,0.5435,0.75275004,1.83875,2,2,2,2,1,1,1,91.6426
1.0947499,1.76375,1.55,0.54725,1.43375,1.47725,2,3,2,3,2,2,1,41.7226
1.39475,0.68,0.63199997,1.63625,0.72875,1.01225,2,3,2,1,1,1,2,71.1395
1.1359999,1.9655,1.73825,0.96650004,0.65825,1.196,1,1,2,2,2,2,2,71.8594
1.79975,0.797,1.7277501,1.64525,1.3985,0.99950004,2,2,2,1,2,2,2,72.0515
0.8825,1.99925,1.38275,0.536,1.64375,0.90275,2,3,2,3,1,2,1,31.9498
1.1135,1.5155,1.95725,1.0422499,1.283,1.0595,3,1,1,2,2,2,2,71.9261
0.554,0.58325,0.6125,1.24625,1.5995001,0.644,3,1,2,3,1,1,1,83.8918
0.71075,1.06025,0.60725,1.60775,1.5125,0.70475,2,2,3,3,2,1,1,131.217
1.817,0.6935,0.62225,0.84275,1.06775,1.98275,1,2,3,2,1,1,1,71.172
0.6065,0.93425,0.623,1.148,0.644,0.95525,3,1,2,2,2,1,1,152.502
1.00325,1.742,1.2395,0.8075,1.3055,1.8545,2,2,1,2,1,1,2,48.0629
1.652,0.86825,0.86300004,1.1847501,0.58924997,1.08125,3,2,2,1,2,1,1,117.156
1.67525,1.21625,0.83375,1.65725,1.19075,1.5545,1,1,3,3,2,1,2,102.067
1.81025,1.90775,0.587,0.82325,1.36325,1.1135,2,2,3,2,2,1,1,153.289
1.30925,0.73925,1.0137501,0.551,1.835,1.1615,3,2,1,3,1,2,1,53.5152
1.91,1.658,1.29125,1.181,1.9925001,0.64475,1,2,3,1,1,2,2,31.2618
1.30025,0.86300004,1.769,0.66725004,0.689,0.92,1,2,2,2,1,1,1,51.4817
0.7685,0.90875,1.772,1.60175,1.03925,1.979,1,3,1,2,1,2,1,29.6666
1.36025,1.79825,1.4937501,1.187,0.78499997,0.935,3,3,1,2,1,1,2,59.9139
1.4135001,1.871,1.20725,0.51125,1.33025,1.90175,3,3,3,2,2,1,2,147.785
1.3385,0.5765,0.63575,0.95975,0.81125,1.379,1,1,2,1,1,2,1,49.4755
0.728,0.80525,1.67375,1.1637499,1.35725,1.69775,2,1,2,3,2,1,1,110.19
0.89075,1.57175,0.75275004,1.79,1.5455,1.06475,3,3,3,2,2,2,2,79.7586
1.04375,1.34825,1.28975,1.0745001,0.5795,1.09625,3,2,2,1,2,2,1,79.8466
0.54125,1.946,0.81350005,1.66475,1.82675,1.4697499,2,1,1,2,2,1,1,126.565
0.94025004,1.676,1.1487501,1.55,0.9095,1.12475,2,2,3,1,2,1,1,107.288
1.58225,1.2012501,1.8185,1.6505,1.60475,0.842,2,1,3,2,1,2,1,29.9863
1.65125,0.93050003,1.7135,1.43075,0.84875,1.7675,1,2,3,1,2,1,1,109.589
1.96925,1.52975,1.643,0.97249997,1.2665,1.9925001,3,1,1,1,1,1,2,23.9099
1.6505,1.7315,1.166,1.4885,1.93775,1.061,3,1,2,3,2,2,2,69.6248
0.98825,1.325,1.89425,1.1105,0.545,0.64775,1,2,3,1,2,2,1,80.4766
1.7375,1.505,1.508,1.2965,1.64525,1.967,3,3,2,1,2,2,1,62.3006
1.49975,1.18175,1.2012501,1.1585,1.2132499,0.626,2,2,3,1,2,1,1,104.318
0.76325,0.554,0.77225,1.3557501,0.71975,0.6335,3,2,2,1,2,1,2,165.539
1.94,0.515,1.70525,1.26275,0.92149997,0.5795,3,3,3,3,2,1,2,146.329
0.91550004,0.56525,1.8335,1.4577501,1.47725,0.9245,2,2,1,2,2,1,2,43.2246
1.79375,0.53975,0.9185,1.53725,0.842,1.1735001,3,1,2,2,2,2,1,97.8577
0.98899996,0.9845,0.81425,1.33175,0.77225,1.322,3,2,3,3,1,1,1,66.68
1.709,1.529,1.2537501,1.55675,1.2785001,1.57925,1,2,3,3,1,1,2,51.6434
1.22375,0.88775,0.85249996,1.538,0.7445,1.80875,2,2,1,3,1,2,1,33.5487
0.58924997,1.9775,0.833,1.56725,1.841,1.66625,2,1,3,3,1,1,1,56.6261
1.0174999,0.656,0.85475004,1.06025,1.1277499,0.9365,2,3,3,3,2,1,2,79.6303
1.0895,1.4937501,0.76025,0.7835,0.86975,1.31675,2,2,1,1,2,1,1,117.566
0.95525,0.57575,1.8245,1.643,1.217,0.5045,1,3,2,2,1,2,1,55.0498
1.9385,1.53875,1.6805,1.44875,1.712,0.50075,2,3,1,2,2,1,2,112.73
1.32875,1.4202499,1.2065,0.87125003,1.01825,0.869,1,3,2,2,1,2,1,42.1201
1.637,0.5225,1.14425,1.982,0.71675,1.667,1,3,2,2,1,2,2,34.8322
1.50425,1.12325,1.23575,1.31,0.65375,1.1802499,3,2,2,1,2,2,1,75.021
0.79775,1.52675,1.202,1.388,0.84725,1.271,2,2,2,3,1,1,1,55.8824
0.54425,1.7885001,0.75575,1.94,1.643,1.87925,3,2,3,2,1,2,2,29.1643
1.4532499,1.85525,1.63325,1.184,1.44725,1.3505,1,2,2,3,1,1,2,50.1946
0.52625,1.3677499,0.67550004,1.40225,1.46525,1.4075,2,3,2,2,1,2,2,33.6516
1.3557501,1.63025,0.782,1.484,1.48175,1.95575,2,1,2,2,1,1,1,59.238
0.90425,0.569,1.5095,1.84625,1.8935,0.52325,2,3,1,1,1,2,2,56.6449
1.26425,1.12625,0.77,0.974,1.7405,1.79525,2,1,2,1,2,2,1,54.5672
1.8395001,1.211,1.2155,1.4195,1.58375,1.55375,2,2,2,3,1,2,2,27.4129
1.2935,1.25975,0.6665,1.14425,1.4645,1.15475,2,2,1,1,1,1,1,61.8892
1.63325,1.00175,0.87575,1.09325,0.75125,1.3055,2,3,2,2,1,1,1,67.3476
1.86575,1.28975,1.4975,1.7885001,0.614,1.18325,2,2,3,2,2,2,1,35.1825
1.562,1.793,1.817,0.83375,1.18175,1.142,2,2,1,3,1,2,1,35.9475
1.0632501,1.7,0.85925,1.8995,1.1240001,1.5755,1,2,2,1,2,1,2,108.37
1.10825,0.86975,1.12475,0.6185,0.635,1.097,2,2,3,1,1,1,1,68.9808
0.98675,0.81200004,1.2132499,1.82075,0.7985,1.80425,1,2,2,2,2,2,2,40.2954
1.5245,0.8255,1.55075,0.647,1.3715,0.78425,2,3,1,2,2,1,2,135.49
0.63575,0.5105,0.67025,0.96125,1.5747501,1.89425,2,1,2,3,2,2,1,100.467
1.3594999,0.96125,1.44275,1.5785,1.9745001,0.6545,2,2,1,3,1,2,2,28.9098
0.662,1.64675,0.67625,1.7915,1.8755,1.13975,2,3,2,1,2,1,1,125.905
1.217,1.05875,1.598,1.85975,0.51725,1.7105,3,1,3,1,1,1,2,42.8704
1.82675,1.181,0.806,1.26425,0.701,0.94775,1,2,3,2,2,2,2,65.2765
1.44275,0.8555,1.22825,1.766,1.19525,1.12175,1,1,2,1,1,2,2,32.8563
1.2425001,0.5435,0.57875,1.115,1.862,0.72275,2,2,2,3,1,1,1,68.8322
1.904,0.608,1.1345,1.2987499,1.0235,0.5135,3,2,1,2,1,1,1,38.0512
0.70475,0.71375,0.815,0.7355,1.874,0.76775,1,2,3,1,2,1,2,161.534
0.56,0.854,1.73975,1.7277501,1.7885001,1.5695,2,2,3,3,2,2,1,62.7804
1.0009999,1.4585,1.5245,1.4375,0.69425,1.4255,3,2,2,2,2,1,2,49.7389
1.70675,1.6235,1.7435,0.824,1.3310001,0.77225,1,2,2,2,2,2,1,62.0106
1.1112499,0.677,1.20425,0.79475,1.83425,1.748,1,3,3,1,1,2,2,28.9175
0.962,1.6257501,1.30775,0.96275,0.60725,0.73175,1,3,2,2,1,2,2,52.6772
1.232,1.9760001,1.16675,0.76325,0.76025,0.9785,1,2,1,1,1,1,2,59.4862
1.2875,0.99425,1.41575,1.7735,1.45025,0.7745,1,3,2,3,1,1,1,48.5346
1.9085,1.58225,1.31225,0.95075,0.99724996,1.2132499,1,2,2,1,1,2,2,34.1699
1.037,1.3970001,1.253,1.05875,0.50825,1.41125,3,2,1,2,1,1,2,41.7163
1.5815,1.01975,1.76375,1.84325,1.3955,1.73825,1,3,2,1,2,1,2,107.041
1.96325,1.33775,1.2665,0.74300003,0.923,1.35725,2,2,3,2,2,1,2,93.3439
1.988,1.61375,1.89125,1.2739999,1.484,1.27775,1,2,2,3,1,1,2,48.9004
1.85825,1.7375,1.9895,1.5320001,1.199,1.6865,2,2,1,3,1,1,2,46.3222
1.31375,1.649,1.793,1.985,1.55225,1.19525,3,3,3,3,2,1,2,53.1102
0.96725,1.52,0.716,1.96775,1.70225,1.96925,3,1,2,1,1,2,1,27.9498
1.247,1.99775,1.4577501,1.08575,1.30925,1.86875,1,2,2,1,1,2,1,31.5751
1.62875,0.884,1.6025,0.86074996,0.77674997,1.21925,2,3,1,2,2,2,2,85.4025
1.84925,1.5245,1.41275,1.5747501,0.5705,1.94375,3,1,2,1,1,1,1,27.1691
1.41575,1.22525,1.4217501,0.81425,0.5225,1.95425,2,3,1,2,2,2,1,90.2491
1.61675,1.7045,1.07675,1.29275,1.17275,1.53425,2,2,2,3,1,2,2,30.2211
1.1719999,1.60625,0.90125,0.77674997,1.02875,1.26275,2,2,2,2,1,2,1,41.3593
0.96650004,1.1765001,1.9385,0.66875,1.12925,1.62125,3,2,3,3,2,2,1,86.9163
1.781,1.2507501,1.81475,1.628,1.133,1.28,2,3,1,1,1,1,2,53.0337
0.827,1.08875,1.2095001,1.9295,1.85525,1.92575,1,2,1,2,2,2,2,40.8408
1.6775,1.75775,1.3032501,1.77125,0.968,1.115,2,2,1,1,1,1,1,45.7971
1.3625,0.68825,1.472,1.37975,0.524,1.1554999,3,1,2,2,1,1,2,60.6395
0.8585,0.9935,0.55925,1.094,1.232,1.96175,2,2,1,1,2,1,2,137.21
1.68725,1.151,1.094,0.93275,1.223,0.54275,2,1,3,2,1,1,2,59.2535
0.60875,0.944,0.7745,0.85775,1.589,0.971,2,1,2,2,1,2,1,50.4529
1.35725,1.0137501,1.3385,1.16075,0.638,0.6965,1,3,1,3,1,2,2,54.4913
1.4614999,0.86074996,1.5125,1.5725,1.922,1.83575,3,3,2,2,2,2,1,63.3313
1.96025,1.2275,0.608,1.454,1.4315,1.8905001,1,3,3,2,2,2,2,83.8525
0.87425,0.85249996,0.99275005,1.352,0.72725,1.0985,2,3,2,3,1,1,2,55.938
1.41725,0.545,0.60575,1.3535,1.9265,0.6035,2,1,3,2,1,2,2,55.8401
0.55625,1.01525,0.851,0.5735,1.0295,1.74425,3,2,1,2,1,2,1,58.3184
1.01975,0.97325003,0.5255,1.63925,1.031,1.2305,3,3,2,1,2,1,1,120.263
1.56125,1.57025,1.3594999,1.0955,1.613,1.6055,2,2,2,2,1,1,1,35.2306
1.19225,1.469,1.8395001,0.986,0.80675,1.484,2,2,2,2,2,1,1,58.5253
1.21025,1.66925,1.979,0.60725,1.48925,1.9865,3,2,3,3,2,2,1,83.7578
1.5335,0.97775,1.7967501,1.44725,0.74224997,1.862,1,2,2,2,1,1,1,26.1666
1.346,1.6955,1.1285,1.48175,1.73,1.40375,3,2,3,2,1,2,1,25.2431
1.1465,1.301,1.5057501,1.697,0.84125,1.21475,1,3,2,2,1,1,1,55.5702
1.43225,1.24025,1.4195,1.865,1.49975,0.62075,3,2,2,2,1,1,2,26.0092
1.4825001,1.34675,0.94475,0.893,1.6625,1.1112499,2,3,2,2,1,2,2,35.5157
1.35875,0.542,0.773,0.93125,1.88525,1.16225,3,2,1,3,2,1,1,111.555
1.10675,0.5825,0.5705,1.1975,0.656,1.2739999,3,1,2,2,1,1,1,80.9225
1.4449999,0.5735,0.80149996,0.629,1.87025,1.0475,2,2,1,2,1,1,1,73.1337
1.24325,0.93799996,1.8275,0.92149997,1.688,1.63775,3,2,1,1,2,2,2,83.7715
1.08425,1.4855001,0.85775,0.57425,1.3805001,0.53375,1,1,2,2,1,1,1,70.1777
0.71825004,1.943,0.8915,0.93799996,1.3025,1.39625,3,2,2,2,2,2,2,72.3426
0.686,1.9070001,0.797,0.80675,0.59000003,1.7,3,1,3,2,1,1,1,70.756
1.29575,1.42325,1.019,1.92875,1.6835,1.52975,2,2,2,1,2,2,1,68.9321
1.47275,1.7345,1.6175001,1.3197501,0.66875,1.41275,1,3,1,2,1,2,2,37.5575
1.12175,1.36025,1.47125,0.84875,0.6905,0.7535,2,1,1,3,2,1,1,145.021
0.94925,0.9755,1.32575,1.1675,1.80875,1.1825,1,2,1,1,2,2,1,87.6886
0.75125,0.5135,1.4990001,0.68,0.57575,0.5675,3,3,1,2,2,2,2,113.648
1.8035,0.94325,1.85225,1.3385,1.0445,1.7787501,1,1,2,3,2,1,1,103.934
1.0302501,0.548,0.71825004,1.964,1.21475,0.98300004,2,1,2,2,1,1,2,74.9817
1.2987499,0.6905,1.526,0.8375,1.25975,1.616,2,3,3,2,1,2,2,29.7483
1.05425,1.1967499,0.8105,0.85325,0.629,1.8725001,2,2,3,2,1,1,2,58.8138
0.8855,1.1405001,1.3775,1.493,1.15775,0.70925,2,1,2,2,1,2,1,37.0027
1.7765,0.57425,1.4614999,0.8765,1.5725,1.721,2,1,2,2,1,1,1,67.3741
1.87475,1.3475001,1.25675,1.2207501,1.5695,1.25675,2,3,2,3,2,2,2,45.2036
1.2327499,1.322,1.289,1.778,1.5515,1.58975,2,2,2,2,1,1,2,27.2734
1.3310001,0.5975,1.1255,1.3055,1.6925,1.3759999,1,3,1,2,2,2,2,74.3992
1.7967501,0.62525,1.649,0.77,1.7915,1.35425,2,3,3,2,1,2,1,29.3819
1.526,0.77825,0.96275,1.4795,0.69275,0.6155,1,2,3,2,2,1,1,67.8276
1.30175,1.26275,0.728,1.613,1.3775,1.859,2,2,2,3,1,2,1,33.0961
1.94675,1.1045,0.91400003,0.91550004,0.61775,1.14425,2,1,2,1,2,2,2,46.868
1.65425,0.8615,1.346,1.91825,1.42625,0.67775,3,2,2,2,2,2,1,36.2008
1.29425,1.0332501,0.91025,1.70075,0.72650003,1.7015,1,3,2,1,1,2,2,36.043
1.571,0.752,1.7495,1.5905,0.8945,0.79775,1,2,3,2,2,2,1,36.4883
1.151,0.755,0.95975,0.737,1.1652501,0.50225,1,2,2,1,2,2,1,98.9877
1.65275,1.41875,1.628,1.886,1.26275,1.622,1,1,2,1,2,2,2,38.3024
0.82625,1.02125,1.7,1.1615,1.2515,0.89750004,2,2,3,2,1,2,1,23.8729
0.9275,1.69625,1.36475,1.44275,1.637,1.37825,1,2,1,2,1,1,2,32.5891
1.18325,1.0467501,1.74275,1.253,1.9865,1.03925,2,3,2,2,1,2,1,32.1665
1.88,1.2935,1.60475,1.793,0.593,1.34675,3,2,2,2,2,2,2,35.0925
1.46675,0.7175,1.88675,1.48775,0.78725004,0.8165,2,2,2,3,2,1,1,128.5
0.67775,1.43225,0.5585,1.66925,1.12025,0.56825,2,2,1,2,1,2,2,39.6046
0.66725004,1.45175,1.09625,1.74125,1.811,1.319,3,2,2,3,1,1,2,50.1218
1.19,1.7915,1.39925,1.508,0.8885,0.58625,1,3,2,1,2,2,1,94.1571
1.487,0.7535,1.58525,0.68975,1.4705,1.14275,2,3,2,3,2,1,1,59.6315
1.739,1.97525,1.232,1.24325,1.1825,1.25975,1,2,2,1,2,1,1,94.7247
1.2245,1.63925,1.1795,0.72875,1.6055,1.34975,1,2,1,2,2,1,1,99.5031
0.92974997,0.58924997,0.96125,0.722,1.90175,1.15925,2,2,2,3,2,1,2,108.207
1.29275,1.493,1.65125,1.7705001,0.91625,1.5275,3,1,2,2,2,2,1,68.0267
1.77275,0.977,1.43975,1.6085,1.41275,0.737,3,1,3,1,1,1,2,37.2787
0.653,1.2335,0.908,1.12475,1.196,0.6665,1,1,1,2,2,1,1,125.151
1.3955,0.90125,0.9785,1.955,1.59875,1.59575,1,2,2,2,2,2,1,45.5178
1.0415001,0.62975,0.84275,1.22225,1.0835,1.67225,2,3,3,2,2,2,2,82.4085
1.9445,1.3085,0.7205,1.30925,0.63275003,0.54425,2,1,1,3,2,2,2,107.521
1.0617499,0.5315,1.86725,1.37675,0.86450005,1.0895,2,1,2,2,1,2,1,53.9876
1.7622501,1.28375,1.5365,0.6635,1.8395001,1.4555,2,1,2,2,1,1,2,60.8223
1.30475,1.82525,1.04825,1.841,0.56675,1.83725,1,3,3,1,2,2,1,78.4262
1.3415,0.53375,1.178,1.601,1.55375,1.7135,2,2,2,2,2,2,2,42.3008
0.77750003,1.697,0.77524996,1.622,1.3887501,1.5830001,2,1,2,2,1,1,1,63.6808
1.06025,0.7385,1.196,1.29125,1.2214999,1.86725,2,2,1,3,1,1,1,50.3353
0.95675004,0.67925,1.4082501,1.9265,0.554,1.11725,2,1,2,3,2,1,1,157.135
1.99475,0.9575,1.0475,1.69475,1.3640001,0.51275,2,1,2,2,1,2,2,34.9564
0.908,1.1682501,1.75925,0.58924997,0.68299997,1.1165,2,2,2,2,2,1,1,115.655
1.46525,1.75175,1.6715,1.1112499,0.52025,1.82525,2,1,3,1,2,2,2,37.8878
1.6295,1.2635,1.3722501,1.30025,1.47125,0.73025,3,2,2,2,1,2,1,24.336
0.59075,1.13975,1.52975,1.76825,1.07675,1.3205,2,3,3,2,1,2,1,30.835
0.88100004,1.6092501,0.76475,1.77725,1.2342501,1.28975,1,3,1,2,2,2,2,81.7948
1.1240001,0.91775,1.877,1.904,1.1645,1.5237501,3,3,3,3,1,1,2,31.8103
1.8155,1.949,1.0325,1.9955,1.5237501,0.56525,3,3,2,3,2,2,1,102.986
1.2095001,1.65125,1.20575,1.379,1.0797501,1.6767501,2,2,2,2,1,2,1,23.4677
1.06925,1.841,1.967,0.65375,1.9145,0.92375004,2,2,3,1,2,1,1,107.596
1.9115,1.292,0.54425,0.50375,0.51875,1.1585,3,1,2,2,2,2,1,120.512
0.83075,1.208,1.493,0.788,0.80075,1.3362501,1,3,2,1,1,2,2,38.6977
0.911,0.626,0.90575004,1.961,0.6515,1.05275,1,2,2,2,2,2,2,49.1561
1.5905,0.6725,0.803,1.12025,0.86300004,1.2095001,2,3,2,2,2,1,2,133.277
1.7015,0.70625,0.722,1.769,1.817,1.45625,2,3,2,3,1,2,1,22.5833
0.70175,1.4645,0.88025,0.8555,1.5875,0.5405,1,1,2,2,1,2,2,39.3484
1.5545,0.992,1.2605,1.658,1.7675,1.0910001,1,2,2,2,1,2,1,21.6671
0.98074996,1.95275,1.93175,0.82925,0.60125,0.98975,2,2,1,2,1,2,1,31.3963
1.9265,1.02725,0.953,0.899,1.0699999,1.01675,3,1,2,1,2,2,2,49.7016
1.0235,1.73825,0.50525,1.14575,1.0925,0.941,2,2,1,2,2,1,1,172.586
0.74,0.8225,1.7622501,1.2372501,0.98825,0.65225,1,3,1,1,2,1,1,154.538
1.5455,0.76100004,1.9332501,1.35875,0.509,1.7075,2,1,2,2,2,1,2,105.625
1.841,1.65575,0.91775,0.962,1.946,1.607,3,1,2,3,2,2,2,64.5979
0.953,0.78499997,1.8965,1.2095001,0.995,1.48925,2,2,3,2,1,1,1,28.844
0.75575,1.03775,1.8455,1.895,1.358,0.5075,3,3,1,3,2,2,1,125.708
1.34375,1.2867501,1.4825001,1.80425,0.9455,1.10675,3,3,2,1,1,1,1,55.9059
0.96275,1.9205,1.63025,0.54425,1.53875,1.7195001,3,1,2,2,2,1,1,142.144
0.8,0.6665,1.325,0.50825,1.3685,1.80125,2,2,1,3,1,2,1,52.6724
1.2335,1.0565,1.7585,1.052,1.7360001,1.91675,2,2,2,2,2,1,1,56.0973
0.94325,1.93625,1.64675,0.99575,1.1975,1.598,2,3,2,3,1,2,1,23.5565
0.77524996,1.652,1.1105,0.845,0.83675003,1.0009999,2,2,2,2,2,1,1,86.4303
1.34825,0.599,0.51725,1.04075,0.7595,1.0257499,2,2,1,2,2,2,1,109.079
0.8435,0.76325,1.4915,1.82225,0.63425,1.5365,2,2,3,2,1,1,2,25.4083
0.82925,1.3685,1.3069999,0.98975,1.60625,0.79625,1,2,3,2,1,1,2,41.6868
0.7115,1.0302501,0.9395,0.78425,0.96424997,0.55475,2,1,2,2,2,1,1,143.021
0.5105,1.8605,1.2620001,0.7205,1.3594999,0.71975,2,3,2,3,2,2,1,78.6472
1.208,1.2207501,0.617,0.67925,0.8345,0.536,2,3,3,1,1,2,2,57.5015
0.674,1.51325,1.547,1.72625,1.625,1.5635,2,2,3,3,2,1,2,93.9354
0.95000005,1.9497501,1.27925,1.1554999,1.56575,0.73475003,3,2,3,2,1,2,1,28.6407
1.742,0.55925,1.90625,1.286,1.24025,1.253,3,2,2,2,1,2,2,21.5624
1.838,1.2214999,1.41425,1.78175,0.8675,0.93725,1,2,3,2,2,1,2,46.3152
1.712,1.4255,1.80575,1.28825,1.91225,1.7540001,2,3,3,1,2,1,2,92.5229
0.93275,1.037,1.1825,1.09025,1.01975,1.8425,3,1,2,2,1,2,2,39.1495
1.42775,1.4547501,0.76775,0.803,1.61375,1.4660001,2,2,2,2,2,2,2,88.9961
0.80375004,0.629,0.5795,1.4045,0.51275,0.86525,2,2,1,2,1,1,2,64.0116
1.4330001,0.7865,0.56525,1.2635,1.994,1.55975,1,3,2,1,2,1,2,118.112
1.97525,1.27775,1.12925,0.839,1.81625,0.608,3,2,3,3,1,1,1,68.4857
0.97025,0.71825004,0.5825,0.81275,1.5215,0.56975,2,2,2,2,2,1,2,158.641
1.4645,1.84475,1.0715001,0.64625,1.2275,1.0662501,2,2,1,1,1,1,1,59.2345
1.41875,1.79525,1.0580001,1.02425,0.71000004,0.50675,2,1,1,2,1,2,2,28.6856
1.15025,1.1465,1.94825,1.016,1.7540001,1.93175,2,2,2,2,2,2,2,46.6988
1.0797501,0.686,1.70825,1.523,1.14125,0.69875,3,1,2,2,2,1,1,107.615
0.68525,1.96775,0.764,0.8405,1.382,1.51775,2,3,2,2,2,1,2,139.786
1.9145,1.19075,1.5320001,1.733,0.71525,1.8815,2,2,2,2,2,1,2,41.8148
0.99575,1.187,1.616,1.898,0.93875,0.80375004,2,3,2,2,2,2,1,80.6659
0.94475,1.59275,0.89750004,1.30175,1.64975,1.57325,1,2,2,1,1,2,1,35.219
1.97,1.75625,1.22525,1.472,1.95575,1.6257501,2,1,1,2,1,1,2,48.4376
1.547,0.5255,1.6625,1.3362501,0.96125,0.9845,2,2,1,2,2,2,2,39.8273
1.523,1.3205,1.67,0.917,1.51475,1.5305,2,2,2,3,2,2,2,71.158
1.2635,1.3392501,0.8825,1.77275,0.98375,1.55525,2,3,2,2,2,1,2,117.106
1.58825,1.92275,1.23125,1.817,1.076,1.13825,1,1,3,2,1,1,1,45.8915
1.4555,1.68425,0.87725,1.88675,1.41575,1.8665,1,2,2,2,1,1,2,38.6112
0.5615,0.86450005,0.929,1.8035,1.33175,1.90625,2,3,1,3,1,2,1,22.1484
1.2035,1.631,1.44425,1.01075,1.9115,1.3594999,2,2,1,2,1,2,2,28.6032
1.382,0.719,1.046,0.57725,1.78775,0.98375,3,3,3,1,1,1,2,57.7115
1.019,1.6895,1.0085,1.763,1.1525,1.87025,2,3,2,2,2,1,1,109.314
1.58975,1.2995,1.9152501,1.03925,0.7115,1.1194999,2,2,3,3,2,2,1,88.103
1.38275,0.57725,1.21025,1.8965,1.8785,1.78775,2,2,1,3,1,1,2,45.0989
0.8555,0.60275,1.3512499,0.746,0.71225,1.1517501,3,3,2,1,1,2,1,43.6821
1.13675,0.98074996,1.32425,1.10225,1.751,1.22,1,2,1,2,1,1,2,38.6695
1.27325,1.71275,0.60125,0.76625,1.418,0.9905,2,2,3,1,1,2,1,49.3328
1.9415001,0.69725,1.604,0.92525,1.76,1.2455001,1,2,2,2,2,2,1,56.1397
1.40975,0.99724996,1.2904999,1.916,0.53,1.83425,3,2,1,2,1,1,2,29.9818
1.442,0.73399997,1.568,1.61,0.87874997,1.29125,3,1,2,2,2,1,2,105.134
1.04825,0.98,1.75625,1.95425,1.4247501,1.355,3,1,2,1,1,2,1,34.3692
1.8515,0.88475,1.523,1.91,1.99925,0.752,1,1,3,3,2,1,1,116.774
0.76475,1.9415001,1.4330001,0.88325,1.8635,1.41875,2,3,2,2,1,2,1,29.9202
1.697,0.848,1.6415,1.4532499,0.806,1.0055001,2,2,2,2,1,2,1,18.8333
1.3805001,1.424,1.90325,1.6055,0.67625,1.35875,2,2,1,3,2,1,1,121.859
1.9332501,0.84125,0.9365,1.1682501,1.721,1.32575,2,2,3,1,1,2,1,35.3629
0.7385,0.70475,0.61325,1.55525,1.01525,1.99475,2,3,1,3,2,1,1,58.8811
0.91174996,1.3295,0.54275,1.79075,1.3505,0.677,3,1,2,2,2,2,1,96.9162
1.5155,1.508,0.5225,0.7925,1.871,1.19225,2,3,1,2,2,1,2,169.882
1.1,1.3842499,1.07375,1.6205,0.728,1.9835,2,3,2,1,2,1,2,111.237
1.76975,0.70325,0.9335,1.7457501,1.121,1.5125,2,2,2,2,2,1,1,64.5636
1.78625,1.57925,1.931,1.8755,1.87175,1.049,3,1,1,1,2,2,1,34.759
1.25525,0.7655,1.0632501,1.58,0.50225,0.83599997,2,1,2,3,2,2,1,116.321
0.67550004,0.8405,1.5575,1.25,0.55925,1.54325,3,2,2,3,1,2,1,34.2847
0.56225,1.11425,1.91075,1.316,1.4915,1.0992501,3,2,3,2,1,2,2,22.3125
0.7625,1.76525,0.88925004,1.78025,0.79925,1.2297499,1,1,2,2,2,1,2,114.463
1.48325,0.89750004,1.00775,1.652,1.5275,0.587,1,2,1,2,1,1,1,36.7263
1.928,1.83725,0.8375,0.52175,1.8245,1.2665,2,2,1,3,2,2,1,95.7592
0.608,0.78125,1.27625,0.91475,1.88675,1.94825,3,3,3,2,2,2,1,70.8249
0.99425,1.10675,1.1645,1.589,1.08875,1.9497501,2,1,1,2,2,1,2,109.01
1.66325,1.26875,0.63275003,1.22675,0.6395,1.91225,2,2,1,1,2,1,2,110.136
1.93175,1.496,0.78125,1.2155,0.91475,1.5605,1,3,1,2,2,2,2,85.3287
1.82825,1.19,1.21625,0.63575,1.97075,1.7360001,1,2,3,3,1,2,1,45.5437
1.0910001,1.0339999,0.90349996,0.89075,1.70825,1.763,1,2,1,2,1,2,2,39.5384
0.59975,1.48475,1.46375,1.6895,0.6245,1.0827501,1,1,2,1,1,2,1,38.2801
1.9715,1.1795,1.5635,1.40975,1.868,0.76475,1,1,2,1,2,2,2,41.5174
0.5585,0.92375004,1.76525,1.58675,1.87775,1.7030001,1,3,2,1,1,1,2,68.8823
0.992,1.18925,1.10675,1.7105,1.34525,1.57625,3,3,2,2,1,2,2,27.7283
1.63925,0.55550003,1.8035,1.811,0.7055,1.9445,3,2,3,2,2,1,2,40.7431
1.15475,1.622,1.4697499,0.995,1.50275,1.85075,3,3,2,3,2,2,2,33.9259
1.289,0.90275,1.11425,1.60325,1.9475,0.926,1,2,2,2,1,1,1,33.6305
0.65,1.6595,1.19,1.39625,1.41425,1.733,2,2,2,3,2,1,1,95.3979
1.34075,0.71000004,1.6092501,1.74275,1.8815,0.69575,1,3,3,2,2,2,1,77.4433
1.42325,1.85375,1.9955,1.0355,0.9395,1.06925,1,2,2,2,1,2,1,25.9393
1.11425,0.79475,0.704,1.06475,1.72625,1.871,2,1,2,1,2,1,1,94.3555
1.34675,0.851,1.97225,1.65425,0.7745,1.823,2,1,3,3,2,1,1,121.811
1.19525,1.2395,1.87025,1.4345,1.1472499,1.61675,2,2,1,3,2,2,2,68.3201
1.2755,1.24175,0.5435,1.36325,0.6635,1.046,3,3,2,3,1,2,1,41.8982
1.4855001,1.6085,0.866,1.5875,0.86525,1.66775,2,1,2,1,1,1,1,29.5196
0.57275,1.8335,1.32725,1.02275,1.00175,1.04,1,1,3,2,1,2,1,38.9429
0.53,1.0205,0.5195,0.90349996,0.99950004,1.51625,2,3,2,3,2,1,2,66.7654
1.1825,1.00775,1.3280001,1.265,1.0467501,1.36925,1,3,2,3,2,2,1,52.009
1.568,1.1487501,1.82225,1.304,1.76975,0.6065,2,3,3,2,1,2,1,44.411
1.90175,0.77075005,1.71725,1.8275,0.752,1.2822499,1,2,2,1,1,2,2,26.7724
1.79525,1.0265,1.49825,1.8875,1.14425,0.69425,3,1,2,2,2,1,2,97.9884
0.89975,1.3055,1.655,0.87049997,0.62,0.60425,2,3,2,2,2,1,2,133.726
1.691,0.55325,0.98825,1.0325,1.86575,0.53225,2,1,3,3,1,2,2,53.5286
1.8005,1.0782499,0.88100004,1.2409999,0.866,0.9275,3,2,2,2,1,2,2,32.1858
1.5695,1.32575,1.3152499,1.90475,1.3295,1.49525,3,3,2,2,2,1,1,96.9642
0.5465,1.0805,1.26425,0.78575003,0.90425,0.59525,2,2,2,3,2,2,1,103.363
1.0295,1.5365,1.02275,0.62975,1.187,1.4675,2,3,1,2,2,1,1,142.15
1.55525,1.30775,1.031,1.52075,0.76925004,1.2904999,2,1,2,1,2,1,1,53.0323
1.52,0.85925,1.6685001,0.9365,1.0827501,0.65075,2,2,1,2,2,1,1,64.977
1.3325,0.66575,1.53275,1.36625,0.99425,1.772,2,2,2,1,2,2,1,82.7974
1.934,0.929,1.81175,1.496,1.6115,1.13675,2,2,1,2,1,2,2,18.9492
1.82,1.49,1.0205,1.616,0.86225,0.96424997,1,2,2,2,2,2,1,47.63
1.0715001,0.85025,1.529,1.7112501,1.1359999,0.87874997,1,3,2,2,2,2,1,77.825
1.24775,1.1015,1.313,0.94624996,1.27775,1.7405,1,3,2,1,2,1,2,110.347
1.1645,1.44575,0.62375,0.7535,1.53125,1.487,2,1,1,3,2,2,1,70.4796
1.57775,1.68725,0.7595,1.9205,1.9715,1.3234999,2,2,3,3,2,1,2,100.87
1.14425,1.53425,0.53975,1.9655,1.4300001,1.34825,3,2,1,3,2,2,1,81.002
1.5395,0.89075,1.049,0.638,0.96725,1.12625,1,2,1,2,2,1,2,122.15
1.3535,1.682,1.0565,0.944,0.5105,0.54575,2,3,3,2,2,2,1,115.868
1.56575,0.83525,0.7475,1.64375,1.99775,0.9005,3,3,3,3,2,2,2,52.2736
0.58025,1.0955,0.87125003,0.7625,0.69725,1.6595,1,1,3,2,1,1,1,75.3461
0.9695,1.22225,0.53075,1.69925,1.574,0.857,2,1,1,2,2,2,2,99.3245
0.53824997,1.61525,0.98074996,1.99775,1.79,1.19075,2,2,3,2,2,1,1,58.5213
0.64024997,1.37975,1.46075,1.9415001,1.72325,0.52625,2,1,2,2,2,2,1,77.9694
1.55,1.30475,1.1165,0.89750004,1.8560001,1.9055,1,2,3,2,1,2,1,35.963
1.74875,0.73025,1.84475,1.23575,1.9415001,1.89575,3,3,2,2,2,1,1,94.692
1.7795,1.1517501,0.55550003,1.17875,1.577,0.944,2,2,1,3,1,1,2,66.1707
1.80575,0.75425,0.99425,0.7235,1.12175,1.33325,2,2,2,1,1,2,2,44.0881
1.793,0.72650003,0.50075,1.988,1.22,1.082,3,2,3,3,1,1,2,67.0563
0.99875,1.8845,1.3565,1.412,1.15475,1.05725,2,1,2,3,2,2,2,77.6822
0.93050003,1.10225,1.1405001,0.65825,1.09775,1.51325,3,2,2,2,1,2,2,45.7003
1.2012501,1.68125,1.69475,1.391,1.3145001,0.98074996,3,2,3,2,1,2,1,22.5496
1.53875,1.517,1.40225,0.6605,1.83875,1.77725,1,2,1,2,1,1,1,56.774
1.4045,1.0504999,0.67175,0.557,1.0092499,1.75775,1,2,2,1,1,1,1,73.9827
0.6275,0.58025,1.3025,1.7225,1.385,0.593,1,2,2,1,2,2,1,106.952
1.187,1.74725,0.6545,0.53,0.9185,1.961,2,2,3,3,1,1,1,74.7328
0.86450005,1.3505,1.25825,1.00025,0.7655,1.949,3,2,1,3,2,1,1,122.122
1.118,1.25675,1.7105,1.217,1.54925,1.99925,3,3,2,2,1,2,2,24.6627
0.60125,1.9985,0.9065,0.95225,1.45175,1.4315,2,1,1,2,2,2,1,91.1873
0.665,0.64925003,1.34225,1.946,0.91324997,0.6575,2,1,2,1,2,2,1,116.975
1.31075,1.23875,0.86825,1.50725,1.03475,1.412,2,3,2,2,2,2,2,83.4291
1.14125,1.145,0.7085,1.18325,1.394,1.952,1,2,3,2,2,1,2,100.499
0.63425,0.59675,1.238,1.41125,0.563,1.79075,3,3,2,2,1,2,1,38.722
1.75175,0.659,0.992,1.63325,1.277,0.7655,2,3,2,2,1,1,1,62.4192
0.5165,1.8875,1.15325,1.71275,1.934,1.84175,2,2,1,3,2,1,1,90.6892
1.95725,1.35875,1.4225,1.9805,0.91174996,1.6835,1,2,2,1,2,1,1,95.1929
1.967,1.772,1.316,0.953,1.15025,1.571,2,2,3,1,1,2,2,33.2692
1.61825,1.63325,1.745,1.037,0.83000004,1.0415001,2,3,1,1,1,1,2,56.5326
1.319,1.55375,1.84175,1.01525,0.82475,1.46825,1,2,3,2,1,2,1,28.4943
1.3722501,1.53725,1.424,1.0625,1.66925,1.166,2,3,2,2,1,1,2,55.1535
1.1270001,0.6875,1.208,1.346,1.02275,0.75725,2,2,1,3,1,2,2,32.4803
1.67375,1.1884999,1.2245,1.58975,1.349,1.62275,2,3,1,3,2,1,2,50.2965
1.0662501,0.75575,1.2492499,0.74675,1.75775,0.8375,1,3,2,1,2,1,2,132.804
1.994,1.23575,0.52625,0.971,1.61225,1.7112501,1,3,3,1,1,2,1,25.9099
1.7360001,1.48325,0.88699996,0.69575,1.1719999,1.86125,2,1,3,1,2,1,2,46.134
1.7787501,0.84875,0.74224997,0.587,1.3362501,0.77524996,3,2,3,3,1,2,1,57.1472
1.41275,0.73775,0.57125,1.96475,1.26425,0.8405,2,3,2,2,1,1,1,72.1649
1.6955,0.926,0.84424996,1.3745,1.92575,1.2049999,2,2,2,2,2,1,1,78.6086
0.76699996,0.82475,1.9175,0.755,1.8305,1.23875,2,1,1,3,2,1,1,109.314
1.90325,1.15775,0.92525,0.83599997,1.595,0.60275,3,1,2,1,1,2,2,24.9644
0.76775,0.60575,1.3527501,1.6925,0.56825,0.50525,2,2,1,2,1,2,1,20.472
1.469,0.536,1.4345,1.04,0.7385,0.86300004,1,3,2,1,1,2,2,47.9777
1.82225,1.025,1.6145,1.934,0.551,0.92525,2,2,3,2,1,2,2,18.1185
1.66475,0.91550004,1.7045,1.70975,1.54775,0.5015,2,2,3,1,2,2,2,70.8443
1.4907501,1.95425,1.31075,1.9835,0.7835,1.72925,2,1,2,2,2,1,2,98.5885
1.577,1.40975,1.92875,1.2049999,0.68675,0.8045,3,1,2,3,2,1,2,144.91
1.196,1.36325,0.52925,1.73075,1.71875,1.07225,1,3,3,2,2,1,2,141.615
1.202,0.71675,0.5885,1.17425,1.4089999,1.32875,1,2,2,2,2,1,1,129.495
1.09025,1.4412501,0.77975,1.15025,1.05875,1.0174999,2,2,3,1,2,1,1,112.073
0.53225,1.33175,1.7615,1.712,0.76325,1.1495,2,3,3,2,2,2,1,75.0949
1.61075,1.72025,1.8642501,0.9065,1.073,1.93625,2,1,2,1,1,2,1,20.3125
1.98725,1.769,0.9605,0.578,0.94475,1.0145,2,2,2,1,1,1,1,59.6703
0.59375,0.63425,1.56725,0.92974997,1.24625,1.7277501,2,2,3,2,1,2,1,29.6345
0.89750004,1.9235001,1.01075,0.5795,1.367,1.29425,2,2,2,2,1,2,2,51.8451
1.5237501,1.28525,1.7945,0.602,1.046,1.187,3,1,2,2,1,2,2,33.2134
1.1884999,1.4217501,1.8297501,1.12625,1.895,0.665,2,3,1,2,2,2,2,84.5284
1.4000001,1.3759999,0.749,1.4585,1.1600001,1.5035,1,2,2,2,2,1,1,87.6564
1.50275,0.54275,1.0115,0.545,1.4779999,0.713,2,1,2,2,1,1,1,82.6767
1.862,1.31825,0.58325,1.0467501,1.03625,1.40225,1,3,2,3,1,1,1,38.9775
0.79925,0.6635,1.79225,1.349,1.3970001,1.55,2,1,3,2,1,2,2,49.2035
0.52025,1.56425,1.41125,0.91324997,0.66425,1.211,2,2,1,1,1,1,1,69.7976
1.6415,0.509,1.916,1.67075,1.8845,1.8185,2,1,3,2,1,1,1,61.857
1.78325,1.2845,0.6605,1.5425,0.87575,1.74275,1,2,2,1,2,1,1,107.474
0.6515,1.62275,1.04075,1.85525,1.664,1.625,2,1,2,2,1,1,1,61.0936
1.47725,1.75025,1.868,0.69275,0.6845,0.64100003,1,3,1,2,1,1,2,74.6055
1.1405001,1.91,1.5845,1.8605,1.676,0.695,2,2,3,2,2,1,2,40.4057
1.67975,1.5755,1.4465001,1.10975,0.8375,1.60475,2,2,3,3,2,1,2,115.012
1.0827501,1.2065,1.0992501,1.4255,1.35875,1.2867501,2,3,3,2,2,1,2,108.4
1.53425,1.45025,0.7925,1.901,1.0137501,0.65825,2,1,1,2,2,1,2,114.787
0.9065,1.13075,1.2275,1.0385001,1.00625,0.6395,1,2,1,3,2,2,2,97.4627
1.979,1.3715,1.4885,1.5185,1.457,1.13075,3,2,2,1,2,1,2,93.7692
1.57175,0.92225003,1.25,0.97175,1.3385,1.1435001,1,2,2,3,1,2,1,35.685
1.088,1.84925,0.878,1.2574999,1.571,1.406,3,2,1,2,1,2,1,32.452
0.65225,1.75325,0.55025,0.56225,1.601,1.2995,2,1,2,3,1,1,2,59.2658
1.21475,0.79025,0.74525,0.686,1.79075,1.62725,2,2,2,3,2,1,2,106.959
1.07375,1.90625,1.6835,0.54875,1.40225,1.0955,1,3,1,1,1,1,1,55.3042
0.90275,0.53824997,1.79375,0.764,1.4765,0.977,2,1,1,2,2,1,2,133.232
1.61975,1.08425,1.1075001,1.56125,1.52525,1.6265,2,1,3,3,1,2,1,31.8602
0.98225,0.98300004,0.68375003,0.92675,1.9625,1.814,1,2,1,1,1,2,1,46.6727
1.6655,1.4195,1.01675,1.223,1.63775,1.43225,1,3,3,3,1,1,1,27.8002
1.32575,1.313,1.199,0.8735,0.7895,0.93575,2,1,2,3,1,1,1,62.7152
1.87625,1.02875,1.448,1.08725,0.97925,1.85,1,2,2,3,2,1,1,105.911
1.51925,1.4465001,1.5605,1.715,0.668,1.5725,3,2,2,2,1,1,2,26.5181
0.52325,1.68875,1.154,1.43975,0.95825005,1.268,3,1,2,2,1,1,2,64.5351
1.322,1.8065,0.98525,0.67775,0.809,1.90025,2,1,1,1,2,1,1,47.7903
1.2125001,0.55475,0.82475,1.859,1.5335,1.87325,1,2,1,2,2,1,1,72.6224
1.2065,1.58525,1.94375,1.92725,1.7705001,1.5665001,1,2,2,2,1,1,1,21.333
1.622,1.3625,0.824,0.51425,1.69175,0.7235,2,1,2,2,1,1,2,74.6521
0.7475,0.518,1.169,1.7945,0.548,1.6355,2,1,1,1,2,2,2,143.827
1.61,1.55225,0.71000004,1.23125,1.56125,0.94325,2,1,2,2,1,1,1,62.3058
1.05875,0.91925,1.87625,1.2867501,1.8275,0.719,3,1,1,1,1,2,2,35.0735
0.50075,1.70525,1.2739999,1.073,1.8050001,1.7525,2,1,2,3,1,1,2,59.7825
0.74300003,0.63875,1.871,1.60025,1.028,1.6085,2,2,2,2,1,2,2,16.8495
0.79324996,0.72425,1.415,1.142,0.515,1.24325,1,3,2,1,2,1,2,156.033
1.34,1.2950001,1.80125,1.2305,1.30775,1.85825,2,1,1,3,1,1,2,49.3375
1.70375,1.214,0.5765,1.937,0.803,1.4089999,2,3,2,1,1,2,2,36.4296
0.857,1.68575,0.92825,0.75874996,1.565,1.1029999,3,2,1,2,1,1,2,58.932
1.85075,0.899,1.72175,0.674,0.95449996,1.93775,2,2,1,3,2,2,1,83.7678
1.9505,0.665,0.78499997,0.97475004,0.9845,0.866,2,2,1,3,1,1,2,66.875
1.6932501,1.86875,1.24175,0.5915,1.39325,1.8575,3,2,3,3,1,2,1,49.1242
0.68675,1.07075,0.70625,0.6455,1.6775,1.1225,2,2,2,1,1,2,1,54.1444
1.22675,0.72725,1.718,0.947,1.8995,0.7115,2,3,1,2,1,2,1,41.6095
0.929,1.577,1.607,1.2755,1.016,1.3512499,2,1,2,2,2,1,2,106.543
0.91625,1.17275,0.956,0.95675004,1.508,0.7595,1,1,3,3,2,1,1,123.321
1.718,0.878,0.61025,1.1270001,0.52475,1.63175,1,2,2,3,2,2,1,104.292
0.91324997,1.76975,1.0174999,1.83275,1.0422499,0.98225,3,1,1,1,2,1,2,66.3793
1.7075,0.67775,0.92225003,1.7495,0.851,1.70825,3,2,2,1,1,1,1,60.5815
1.8815,1.46525,0.74300003,1.4367499,0.84650004,1.469,2,2,3,2,2,2,2,65.5751
1.71425,1.007,1.03925,1.07525,1.20875,1.47275,2,2,1,3,1,1,2,54.9616
0.56525,0.821,0.51875,0.575,1.7495,0.9965,2,2,1,2,2,2,2,158.931
1.4165001,1.64525,0.8675,1.21175,1.28975,1.44425,2,3,2,1,1,1,2,50.9674
1.6265,0.704,1.6055,0.79175,1.48775,1.56575,1,2,3,3,1,2,1,38.7951
1.7255,1.05125,1.80425,1.1352501,1.4532499,1.1682501,3,2,2,3,1,2,1,30.2697
0.5015,1.74275,0.63875,1.4547501,1.11725,1.3347499,1,2,2,2,1,2,2,37.7863
0.917,1.34225,1.5995001,1.4495001,1.481,1.8125,3,2,2,3,1,1,1,47.3636
0.69949996,1.33025,1.6295,1.80725,1.439,0.59975,3,3,2,2,2,2,2,82.6998
1.59275,0.83599997,1.93475,1.4525,1.02425,0.80675,2,2,2,3,1,1,2,54.8717
1.7825,0.81725,1.70675,0.833,0.82850003,1.65275,2,1,1,2,1,2,1,37.5549
0.515,1.83125,0.97475004,1.15775,1.6895,1.68875,2,1,2,2,1,2,1,42.933
0.5285,1.7112501,1.2207501,1.2904999,1.4990001,1.811,1,3,2,3,1,1,2,27.6951
1.664,1.72475,1.2177501,1.4742501,1.3535,1.0655,2,2,2,3,1,1,1,51.7725
1.72175,1.81175,1.58825,1.7765,1.39025,0.9755,2,3,2,1,1,1,1,51.1236
1.7615,1.667,0.626,1.0827501,0.815,1.19975,3,2,2,3,1,2,2,45.0751
1.403,1.46,0.80825,0.69949996,1.78925,1.09775,2,1,2,2,2,2,1,96.216
1.88525,0.79775,1.2725,0.54575,1.3610001,0.51425,1,2,3,3,2,1,1,163.41
1.95575,1.84325,1.004,1.3152499,0.96500003,1.1945,1,3,3,2,1,2,1,35.0007
1.07525,0.6095,1.19225,1.3032501,1.622,1.21175,1,2,2,3,1,2,1,30.9931
1.937,1.51625,0.83599997,0.8675,0.725,0.88025,3,3,2,3,2,2,2,86.9421
1.02725,1.5185,1.14125,1.8215001,1.29275,0.8735,2,1,2,1,2,1,1,63.5712
0.81350005,1.997,1.30175,0.96875,1.87625,1.5455,3,2,2,2,2,1,1,71.2237
0.79475,1.60775,1.712,1.0685,0.71825004,0.85325,1,2,1,2,2,1,2,59.9384
1.77575,1.004,1.1615,0.5375,1.39925,0.776,2,2,2,2,1,2,2,53.8732
1.51025,1.44425,1.97975,0.86450005,1.10375,1.69625,2,1,2,1,1,1,2,30.1747
1.55225,1.33325,1.34075,0.63725,0.7925,0.82475,1,1,1,1,1,1,2,28.2715
0.95075,0.5345,1.1975,0.8495,1.181,0.60575,2,2,2,2,1,1,1,45.8264
1.24025,1.0617499,1.0895,0.96725,1.631,1.9505,2,2,2,2,1,1,1,43.5954
1.3145001,1.36925,1.13075,1.45925,0.506,1.61525,1,1,2,2,1,2,1,29.3764
0.896,1.98875,0.80225,1.2335,1.62425,1.4915,1,3,1,1,1,2,2,30.1159
1.421,1.112,0.94850004,1.41875,1.49825,1.4937501,3,2,2,3,2,1,2,103.049
0.88775,1.901,0.79025,1.32425,0.6035,1.313,2,3,1,2,1,2,2,43.4266
1.508,1.82675,1.54175,0.8885,1.673,1.517,3,2,2,2,2,2,2,59.5788
0.83599997,0.88625,1.35875,1.90625,1.25225,1.5845,2,2,2,3,2,2,2,65.6062
0.99724996,0.503,0.602,1.1165,0.73325,1.874,2,1,2,2,1,1,1,86.1167
1.0699999,1.6535,1.62875,1.4825001,1.6535,0.95000005,2,1,2,1,1,2,2,24.4607
1.69625,1.11725,1.751,1.6115,1.0595,0.581,2,2,3,1,2,1,1,98.7216
0.62525,1.58075,1.54475,1.256,0.66725004,1.427,2,3,2,3,2,2,2,71.9161
1.796,1.31,0.90425,1.63175,1.0385001,0.79324996,3,2,1,1,2,1,1,102.476
0.76925004,0.9275,1.1225,1.90025,0.575,1.1075001,3,3,2,3,1,1,1,69.5873
0.7025,1.178,1.919,0.54125,0.755,1.21025,2,2,3,1,2,1,2,137.12
1.811,0.7085,1.6505,1.049,1.658,0.59375,2,1,2,2,2,2,1,85.4977
1.0580001,1.28075,0.95225,1.7787501,0.97625,1.9805,2,3,1,1,2,2,2,77.1899
1.271,1.05425,0.69124997,1.05125,1.37375,1.17875,2,2,1,3,2,1,2,113.679
1.415,1.0174999,1.1045,0.96500003,1.98575,1.2875,3,2,2,2,1,1,1,44.5435
1.802,1.29275,1.0145,1.7255,0.794,1.148,3,2,2,1,1,1,2,50.7592
1.1930001,0.68525,1.4300001,1.313,0.64925003,1.92725,1,2,3,2,1,2,1,25.3636
1.46225,1.052,1.829,1.1945,1.355,1.39775,2,3,2,1,2,1,1,106.834
1.60175,1.169,1.748,1.18175,1.22375,1.892,2,1,3,3,2,2,1,71.9044
1.54325,1.56575,0.6875,1.69175,0.85625005,1.92275,2,3,1,3,2,2,1,52.6267
0.5195,1.0115,0.77750003,1.7622501,1.7465,1.9655,2,3,3,1,1,1,2,66.1037
1.238,1.57325,1.5515,1.59725,1.63625,1.56725,3,2,2,3,1,2,1,26.5924
1.84475,1.34975,0.959,1.47875,1.0325,0.89075,2,2,2,2,1,1,2,38.1347
1.69175,1.19375,0.74075,1.7135,0.64625,1.06775,3,3,1,2,2,2,1,91.5402
0.9185,1.511,0.563,1.02875,1.9842501,1.70675,2,3,2,2,1,1,1,68.8096
0.97925,1.99625,1.553,1.691,1.34675,1.78025,2,3,2,1,2,1,1,103.114
0.7805,1.8822501,1.3085,1.73225,1.56425,1.48175,1,2,2,1,1,1,1,55.6534
1.55975,0.51575,1.94675,1.85375,0.62825,0.85625005,3,2,3,3,2,1,1,148.92
1.76,1.607,0.7685,1.63775,1.2875,1.1015,1,3,3,1,2,2,2,70.8533
1.71875,0.98225,1.3640001,0.6395,0.6065,1.982,3,2,1,3,1,2,2,49.5428
1.9205,1.10975,1.463,1.7345,1.0745001,1.325,3,2,3,3,2,2,1,75.5108
1.89125,1.32425,1.68725,0.61625,1.238,1.4742501,3,1,2,1,2,2,1,40.2146
1.481,1.93775,0.719,0.68225,1.1487501,1.53125,2,3,2,2,1,2,1,36.5364
1.64825,1.96475,1.8132501,1.57925,1.4660001,0.8,2,2,3,2,2,1,2,41.0423
0.9575,1.283,0.9005,1.0302501,1.3280001,1.391,1,2,2,2,1,1,2,49.1873
1.94525,1.7015,0.674,1.33025,1.54475,0.5885,2,3,1,2,2,1,2,142.115
1.514,1.42625,1.4555,1.1405001,1.30025,1.99025,2,3,2,2,2,2,1,72.6717
1.0467501,0.95825005,0.6425,1.3295,0.9905,1.1465,1,3,3,3,1,2,1,31.5048
1.8297501,0.986,1.91,0.57575,1.175,1.31825,3,2,1,3,1,2,1,48.6552
