x1,x2,x3,x4,x5,x6,x7,x8,x9,x10,x11,x12,x13,x14,x15,x16,x17,y
1.8635,1.7915,1.23575,0.79324996,1.121,2,5,5,5,5,5,5,1,5,5,2,1,3.49202
0.92149997,1.50275,1.78475,1.00325,1.709,2,5,2,1,5,2,5,5,2,1,2,1,1.7758
0.59975,1.8695,1.39025,1.59725,1.988,5,2,5,2,2,2,5,5,2,5,5,2,0.821886
0.8165,0.67475,1.838,0.54875,1.5455,5,5,1,1,5,5,5,1,2,5,2,1,4.08371
0.752,0.95825005,1.112,1.32575,1.1554999,5,2,5,1,5,1,5,5,2,2,1,2,1.34251
1.6625,1.05575,1.51625,1.3085,0.64625,5,2,5,5,5,5,5,2,5,5,5,1,2.13484
0.93725,1.86125,0.93275,1.66325,1.12175,5,5,5,5,5,5,1,5,2,1,5,1,1.49478
0.71825004,0.797,0.956,1.79525,0.84275,5,2,5,5,1,2,2,2,5,5,5,2,2.1172
0.98074996,1.064,1.5695,0.995,0.791,2,5,5,5,5,5,5,5,5,1,2,2,2.71317
1.2297499,1.17725,1.10825,1.2725,1.253,5,5,2,1,5,5,5,5,5,5,5,2,1.83648
1.5305,1.6745,1.35725,1.9842501,0.64175,2,5,2,5,5,2,5,5,5,5,5,2,1.18822
0.68975,0.9005,1.3505,1.53875,1.75475,5,5,5,2,5,2,1,2,5,2,2,2,1.76789
0.959,0.83075,0.54875,1.26425,0.716,5,2,5,2,2,5,2,2,1,2,5,2,2.6462
0.776,0.581,1.99325,0.57575,1.68875,2,5,2,2,1,2,5,5,5,5,5,2,4.40184
1.85825,0.69575,0.8375,0.839,1.70225,1,5,1,5,5,1,2,5,5,5,1,1,2.23606
1.454,1.26125,1.595,1.928,1.90175,5,5,2,2,5,5,5,2,2,5,5,2,1.39511
1.106,0.54875,0.8585,1.13,0.67175,2,5,5,2,5,5,5,2,2,2,5,1,3.7079
1.99475,0.89225,1.82225,1.4330001,0.536,2,5,5,1,1,5,5,5,5,1,5,1,1.49891
0.82325,1.3347499,0.992,1.601,0.86074996,5,2,5,2,2,1,5,5,2,5,5,1,1.41239
1.68425,0.56375,1.7705001,1.52675,0.65225,5,5,1,5,5,5,5,5,5,5,5,1,1.85998
0.97625,1.55975,1.187,1.1165,1.16975,5,5,5,5,5,5,5,2,1,2,5,1,2.61564
1.89125,0.90275,0.58175,1.25675,1.51325,5,1,2,5,2,5,2,5,5,5,2,2,1.41495
1.56725,0.9605,0.70925,1.05725,0.86825,5,5,5,5,5,5,5,5,2,2,1,2,2.78947
1.067,0.58625,1.4862499,1.73,0.608,5,2,5,5,5,5,5,2,5,5,2,1,1.93367
1.145,1.05425,1.0452499,0.90575004,0.5375,5,5,5,5,5,5,2,5,5,2,5,1,3.0109
0.98,1.289,0.5015,0.75425,1.1029999,5,1,5,5,5,5,2,5,5,5,2,1,2.92609
1.598,1.87025,0.9515,1.89725,0.677,5,5,5,2,2,5,5,5,5,1,5,2,1.21813
1.0827501,0.89825,1.90775,0.73475003,0.5765,5,5,2,1,1,1,5,5,5,1,1,2,2.59358
1.95275,0.55925,1.57325,1.9415001,1.2245,2,5,2,1,5,2,5,5,5,2,2,1,2.15034
1.70675,0.7655,1.49525,1.2702501,1.07525,5,2,2,5,5,2,2,5,5,5,5,2,2.41444
1.62425,1.49825,0.9845,0.91925,1.439,5,5,1,5,5,1,5,1,5,5,2,2,2.72462
1.8365,1.1465,1.32875,1.919,1.7495,2,2,5,2,5,5,5,2,5,1,5,2,1.8887
1.92725,1.8575,0.5015,1.54175,1.37525,5,5,1,2,2,5,5,5,5,1,5,1,1.43628
0.94775,0.9095,0.776,1.0550001,0.93799996,5,2,5,1,1,2,1,5,1,5,5,1,1.14804
1.53575,1.54325,1.00775,1.27775,0.94850004,2,2,5,5,5,5,1,2,5,5,2,1,1.45802
1.3594999,1.4015,1.505,1.7165,1.8155,2,5,2,1,5,5,2,2,5,2,2,1,1.02553
1.18775,1.55225,1.322,1.7457501,0.89,5,5,5,2,5,5,5,2,2,5,2,1,1.39328
0.671,0.893,1.29125,1.53125,1.51925,2,5,5,2,5,5,5,5,5,5,5,1,2.06345
0.968,0.9575,1.439,1.34,1.48325,5,5,5,5,5,1,2,2,1,2,5,2,1.67802
1.568,1.7315,1.346,0.51125,0.87049997,2,1,1,5,2,5,2,1,5,1,5,1,1.77589
1.16075,0.6695,1.27775,1.181,1.71425,2,5,2,5,5,2,5,5,5,5,5,1,2.5975
1.21925,0.64849997,1.39325,1.26275,0.782,5,5,2,5,1,2,1,5,2,5,5,1,2.00771
0.75049996,1.4449999,1.43525,1.2995,1.00475,5,5,2,2,2,5,1,5,1,5,5,2,1.29506
1.2755,0.7925,0.6335,1.4525,1.7075,5,1,5,1,2,5,5,1,2,5,5,1,1.7218
1.81625,0.851,1.2755,1.88375,1.48925,5,5,1,2,5,1,5,5,2,1,5,1,1.64621
0.90425,1.8245,1.55375,1.99625,1.0085,2,1,1,5,2,5,5,1,2,5,5,2,1.05745
1.4577501,1.616,1.80725,0.91174996,1.9685,2,5,5,5,1,5,5,5,5,5,5,2,2.90721
1.97525,1.2657499,0.5435,0.67550004,1.37375,2,1,5,2,2,5,5,2,2,2,5,1,2.03298
1.3715,1.3280001,0.5045,1.28525,1.57175,1,5,5,5,5,5,5,2,1,5,5,2,1.91209
1.181,1.03925,0.6275,0.66125,1.2845,2,5,5,1,2,1,1,2,1,2,5,1,0.940367
0.74375,1.4862499,1.5755,1.05875,0.644,5,5,2,5,2,5,2,5,5,5,5,1,2.38075
1.3362501,1.5545,0.84725,1.02875,1.36475,2,5,5,2,2,5,5,2,5,5,1,1,1.96942
1.13375,1.8605,1.75025,0.89075,0.81875,5,5,5,5,5,5,2,5,5,5,1,2,2.95131
0.71000004,0.50075,1.91825,0.92974997,1.511,5,5,1,5,1,5,1,2,1,1,5,2,2.61456
0.97325003,1.1825,1.8305,0.56,1.46225,1,5,5,5,5,5,5,5,5,2,1,1,5.532
0.94925,1.8695,0.93275,0.91550004,1.96175,5,2,5,5,5,5,5,2,1,2,5,2,2.59969
0.92149997,0.81350005,1.838,1.3025,1.52,5,5,5,5,5,1,5,5,5,2,5,2,1.98514
1.40675,1.93925,1.2755,1.61075,1.028,5,2,5,1,5,2,5,1,5,2,5,2,0.971198
1.76825,1.81625,1.706,1.6850001,0.635,5,5,2,5,5,2,1,1,5,1,5,2,1.26244
1.41425,0.57875,1.0685,0.64849997,1.37075,2,5,5,5,1,5,5,5,5,5,2,2,4.60479
1.3685,1.601,1.99925,0.96650004,0.86450005,2,5,1,5,5,5,2,5,1,1,5,1,2.3015
1.63025,0.50525,0.764,1.403,0.6365,2,5,2,5,2,5,5,2,2,5,5,1,1.92401
0.95825005,0.77825,1.92275,1.982,1.28075,5,5,5,5,1,5,5,5,5,5,5,1,1.4423
1.76375,1.85675,0.98525,0.6215,1.973,2,2,1,5,2,2,5,5,5,5,2,1,3.04181
0.668,0.80149996,1.874,1.3677499,1.7465,5,5,2,5,2,5,5,5,1,5,5,1,2.08997
1.5320001,0.80375004,0.55775,1.4825001,1.97225,2,5,5,5,2,5,2,5,5,1,5,2,1.97076
1.8642501,1.17875,0.6515,0.93575,1.511,5,2,5,2,5,5,5,5,5,1,5,2,2.35219
1.31225,1.9835,1.55975,1.442,0.656,5,5,5,5,5,5,2,5,5,5,1,2,1.7067
1.676,0.54275,1.5275,1.61075,0.518,5,5,5,2,5,5,5,5,5,5,2,2,1.92604
0.5165,1.96475,1.679,0.72875,1.42625,1,1,5,5,5,1,5,5,5,5,5,1,4.16596
0.82625,1.14575,1.10975,1.2395,1.25525,5,1,5,1,5,2,5,5,5,5,2,2,2.11044
1.08575,1.53725,1.01225,1.1157501,1.2672501,2,5,2,1,2,5,2,1,5,2,5,2,1.15711
1.0632501,1.2455001,1.5237501,0.81425,1.196,5,5,5,2,5,1,2,5,5,5,5,1,1.96867
0.6845,1.1270001,1.2590001,0.9875,1.4412501,5,5,5,2,5,2,2,5,1,5,2,2,1.52319
1.0332501,0.53375,1.10975,1.961,1.8845,5,1,5,5,5,5,2,5,1,2,2,2,0.858106
1.70675,1.2695,1.2177501,0.8615,1.99925,5,2,5,5,5,5,5,2,5,5,2,1,3.04743
1.58675,0.64175,1.3152499,1.2125001,1.55,1,2,2,5,5,2,5,1,5,5,5,2,1.99581
1.9025,1.1825,1.6175001,0.76475,0.77900004,1,5,5,5,5,1,5,5,1,5,2,2,2.89986
0.83525,1.4614999,1.3745,1.73075,1.6325,5,2,5,5,5,1,2,1,5,1,2,2,1.02753
1.11725,0.96275,1.80275,0.53824997,1.148,5,2,5,5,1,5,5,5,2,5,5,1,5.10599
1.982,1.38725,1.679,1.82525,1.91675,2,5,5,5,5,5,2,5,5,5,2,2,1.36693
1.1029999,1.67375,0.608,1.25,1.586,5,2,5,5,1,5,1,5,2,2,5,1,1.57744
1.3325,1.12325,1.79825,1.91225,1.094,1,2,5,2,2,5,2,5,5,5,2,1,0.915362
1.10675,1.511,1.3805001,0.70775,1.8665,2,5,2,2,2,2,5,5,2,2,5,1,2.22998
1.3475001,0.57125,1.2049999,1.77125,1.31675,5,5,5,1,2,5,1,5,5,2,2,2,1.11473
0.827,0.71525,0.97175,1.844,1.01075,2,2,2,5,5,2,5,2,2,5,1,2,2.62975
1.901,1.16675,1.1855,0.68225,1.244,2,1,5,2,5,1,5,5,5,5,5,1,1.8274
1.36475,0.6965,1.5830001,0.953,1.994,2,5,5,5,5,2,5,5,5,1,5,1,3.08305
1.29425,0.52025,1.98725,1.988,0.75725,5,5,5,5,5,2,5,2,5,1,5,2,1.66267
1.523,1.34825,0.725,0.94624996,1.41875,5,2,1,1,5,5,5,5,2,5,5,2,1.66054
1.61525,1.1375,1.7495,1.1825,0.986,2,5,2,5,5,2,2,5,5,5,5,1,2.05999
1.60175,1.43225,1.06925,0.9845,1.65575,5,1,5,5,5,5,1,1,5,5,2,2,2.24312
1.79,0.67775,1.61825,1.4742501,0.52475,2,2,5,5,2,5,1,5,5,1,2,2,1.97276
1.98275,0.76025,1.90325,0.67625,1.26275,5,1,2,5,5,5,2,5,5,2,5,2,3.05019
1.19975,1.34075,1.4300001,0.84725,1.78175,5,2,5,5,1,5,1,5,5,1,5,2,2.55339
0.96125,1.178,1.658,0.512,1.22225,5,2,5,5,2,5,5,1,5,2,2,2,5.17413
1.9385,1.8297501,1.8987501,0.662,1.1015,2,5,5,2,5,5,1,5,5,2,5,2,2.18021
1.2065,1.151,1.3264999,1.0205,1.94,2,2,5,2,1,5,5,5,2,5,2,1,2.2268
0.58625,1.9385,1.7787501,1.706,0.93875,5,5,5,2,2,5,2,5,2,5,2,2,1.02603
1.73675,1.9842501,1.13825,0.81200004,1.61675,5,5,5,5,5,2,5,2,2,2,5,1,3.2094
1.34975,1.73825,0.9605,0.6095,1.80725,5,5,2,5,1,2,2,5,5,5,5,2,3.71537
1.0534999,1.42925,1.72475,1.016,1.4052501,5,2,2,5,5,5,5,5,5,2,5,2,2.30049
1.6385,1.83125,1.00025,1.2214999,1.00025,1,5,5,5,2,5,2,5,5,1,5,1,1.91785
0.5165,1.9760001,0.677,1.7315,0.59225,5,5,5,5,5,2,2,1,5,1,5,1,1.2311
0.60275,1.5635,0.59525,1.02725,1.58525,1,1,5,2,1,5,1,2,5,1,5,1,2.87044
0.88625,1.65425,1.181,0.665,1.22675,5,5,5,1,5,1,1,2,5,1,2,1,2.30972
1.6865,0.81125,1.382,1.23875,1.904,5,5,1,5,5,5,5,5,5,5,2,1,2.36069
0.62525,1.2755,0.64325,0.71075,1.199,5,2,5,5,5,5,2,5,5,5,5,2,2.97645
1.163,1.2725,1.46825,1.07375,1.0782499,5,5,5,1,5,5,5,5,2,1,2,2,2.17032
1.66475,0.686,1.3842499,0.5525,0.8375,2,5,2,2,1,5,5,1,5,2,5,1,2.25111
1.4007499,1.208,0.98375,1.34675,0.5105,1,1,5,2,5,5,2,1,2,5,2,2,1.16609
0.911,1.664,0.81949997,1.1157501,1.0534999,2,5,2,5,2,5,1,5,2,5,5,2,1.80158
0.608,1.31,0.91025,0.54875,0.50975,5,1,5,1,5,5,1,2,5,5,5,2,2.56289
1.7465,1.151,0.84125,0.6695,0.99125004,5,5,5,5,1,1,2,5,5,5,2,2,3.4519
1.013,1.2492499,1.31375,1.46375,1.43225,2,1,5,5,5,5,1,5,5,5,2,1,1.12977
0.9395,1.71575,1.2185,0.96875,1.24475,5,2,2,5,2,5,2,5,1,2,5,1,1.98084
1.25525,1.085,1.235,0.728,0.90575004,5,2,1,5,5,5,2,5,1,5,1,2,2.594
0.86675,1.70375,1.68425,0.635,1.9152501,5,5,2,5,5,1,1,5,2,5,2,1,3.38469
0.70175,1.61075,1.51325,1.751,1.568,2,5,1,5,5,5,5,5,2,5,5,2,1.37236
1.48925,1.06775,1.5035,1.66625,1.22,2,2,1,5,5,2,2,5,1,5,1,2,1.94147
1.22225,1.949,1.74275,1.679,1.3197501,1,5,5,1,5,5,5,2,2,5,2,1,1.52974
1.1165,1.748,1.67375,1.08125,0.80225,5,2,5,5,1,5,5,5,2,5,5,2,2.18338
1.3069999,1.4284999,1.48475,1.616,1.6955,2,2,5,1,2,5,5,2,1,2,5,1,1.42602
1.83725,1.352,1.928,1.13375,1.2095001,1,5,5,2,5,5,5,2,5,2,5,1,1.79798
1.28525,1.9985,1.4532499,1.6115,1.1675,5,5,5,5,5,5,5,1,5,2,1,1,1.79078
1.25675,0.56675,1.1,1.82225,1.1884999,2,2,5,5,5,5,5,5,1,2,5,1,2.31712
0.9575,0.758,1.826,1.66625,1.2132499,5,5,5,5,5,5,2,5,5,1,1,1,1.55192
0.80149996,1.0115,0.77225,1.691,1.6805,2,5,2,5,5,2,5,5,5,1,5,1,1.68195
1.7255,0.64625,1.61375,1.00475,1.18325,2,5,5,5,5,5,5,2,1,5,5,1,2.7969
0.794,1.59725,1.18175,1.9595,1.0910001,5,5,2,5,1,5,2,2,5,1,1,1,1.29413
0.50975,1.727,0.8405,1.2507501,1.2365,2,2,5,2,5,5,2,5,5,5,2,2,1.48042
0.89825,1.7870001,1.847,0.866,0.6095,1,5,5,5,5,5,5,1,2,5,2,2,2.95122
1.80425,0.698,1.3842499,1.1315,1.13975,5,2,5,5,5,5,5,5,5,5,5,1,2.2623
0.647,1.37525,0.53675,0.9125,1.748,5,5,2,5,2,5,5,5,5,2,2,1,3.48303
1.469,1.32425,1.2185,1.75625,1.0092499,5,5,5,5,1,2,5,1,5,5,5,1,1.45201
1.88525,0.8675,1.8005,1.7765,1.8485,5,5,5,5,5,2,5,2,5,5,5,2,1.58225
0.97475004,1.9355,1.39025,1.0699999,1.72925,1,1,5,5,5,5,5,2,2,2,2,2,2.15884
1.184,0.75874996,1.6625,0.701,0.557,5,5,2,2,5,2,5,5,1,5,5,2,3.28747
0.50975,1.604,1.31825,0.72650003,1.715,5,1,5,5,1,1,2,5,5,5,1,1,2.42056
1.8545,0.566,1.2515,0.866,1.20575,2,5,2,5,5,5,5,5,5,2,5,2,3.27182
1.352,0.73625,1.22525,1.7345,1.68725,2,2,1,5,5,2,5,2,5,2,2,2,2.20155
1.19225,1.3565,1.4645,1.8875,0.953,5,5,5,2,5,5,5,5,2,2,5,2,1.34669
1.4495001,1.3842499,1.9805,1.36175,1.81925,2,5,5,2,5,1,2,5,2,2,1,2,1.48862
0.54875,1.00775,1.88375,1.8155,1.2785001,5,5,1,5,5,5,2,5,2,5,5,2,1.20238
0.9275,0.69275,0.719,1.919,1.8455,2,5,5,5,5,1,5,2,2,5,5,1,1.13636
0.815,1.72025,1.10225,0.95675004,1.163,5,5,2,5,2,2,1,5,5,2,5,2,2.32761
1.14425,1.72175,1.943,1.0699999,1.66325,5,5,5,1,5,2,5,5,5,5,5,1,1.99613
0.73925,1.9385,1.00625,0.57125,1.95875,5,5,2,5,5,5,5,1,5,5,5,2,5.5456
1.78475,0.64475,0.94925,0.98525,0.5045,1,5,2,2,2,5,5,5,2,5,5,2,2.11351
1.10825,1.12025,1.05275,0.5675,1.0662501,5,1,5,5,5,5,5,5,5,5,1,1,5.05047
1.94675,0.56675,1.91825,1.08425,1.96025,5,1,5,5,5,5,2,5,2,2,2,2,1.82071
1.41725,1.76975,1.93175,1.86275,1.394,5,5,1,5,2,5,5,2,2,5,2,1,1.454
0.911,0.674,1.9655,1.90175,0.60275,5,5,5,5,5,2,5,5,2,5,2,2,1.29861
1.8560001,0.563,1.3835,0.9005,1.83275,2,1,5,5,2,1,5,5,5,5,5,1,2.27821
0.86450005,1.931,1.15625,0.5105,1.05875,1,2,5,5,5,5,1,5,5,5,5,2,3.62523
1.541,0.6875,1.06475,1.37375,1.574,2,5,2,2,5,2,1,2,5,2,2,1,3.06132
1.4345,1.8560001,1.48475,0.95375,1.448,1,5,5,2,5,5,5,5,5,5,5,2,2.00421
0.5675,1.8987501,1.814,1.24775,1.60325,2,5,2,2,5,2,5,5,5,5,2,2,1.39836
1.63775,0.70775,0.5135,0.92225003,1.0085,5,2,1,2,2,2,5,2,1,5,5,2,3.05902
0.70025,0.85325,1.013,0.60875,0.51425,2,5,5,5,5,5,5,5,5,5,5,1,5.04033
1.883,1.32725,1.541,0.88699996,0.82850003,5,2,5,2,5,5,2,2,5,2,1,2,2.07885
0.57425,1.5815,1.49225,0.63725,0.5525,1,5,2,5,5,5,1,1,5,5,2,1,2.40534
0.54875,1.901,1.08425,1.47125,1.2515,2,5,2,2,5,5,1,5,5,5,5,2,1.03374
1.97675,1.079,0.689,1.54325,1.87025,5,1,5,1,5,1,5,5,1,1,2,2,0.820136
1.253,1.41725,0.67475,1.0475,1.47275,5,2,1,5,5,5,5,5,5,2,5,2,2.2237
1.3115001,1.7795,1.1585,0.821,0.77075005,5,5,5,2,5,5,5,5,5,5,5,2,2.83539
1.47875,1.2605,1.6505,1.4577501,0.50375,5,5,2,5,5,5,5,5,5,2,2,2,1.89726
1.517,0.55175,1.8275,0.65225,0.71525,5,5,1,5,5,2,5,5,5,5,5,1,4.17296
1.0415001,1.91375,0.50225,1.3062501,0.81875,2,1,5,2,2,2,5,2,5,5,5,1,0.839767
1.84325,0.848,1.3610001,1.34825,0.5405,2,5,5,5,2,2,5,2,5,5,2,1,1.32238
0.5855,1.9580001,1.54625,0.61625,1.33325,5,1,2,5,5,5,5,1,5,1,2,1,4.30059
0.6515,1.5755,1.4367499,1.58525,0.70325,5,5,5,2,5,2,2,5,5,2,5,1,0.9707
1.1765001,0.98375,1.8050001,1.2739999,1.619,5,1,1,5,1,5,5,5,5,2,2,2,1.85694
1.0422499,0.506,1.742,1.2409999,1.49525,5,5,5,5,5,5,5,5,2,5,1,1,2.46648
0.5735,1.724,1.721,1.43225,1.514,2,5,5,2,5,5,5,2,5,2,2,2,1.43581
1.4465001,1.7855,0.7145,0.578,1.62125,5,1,5,5,1,5,5,5,5,5,2,1,4.95311
1.22825,0.56075,0.509,1.8297501,1.18925,1,2,5,2,1,5,5,5,2,5,5,2,3.16333
1.238,0.91174996,0.9755,1.727,1.2590001,5,5,1,5,2,1,2,5,2,5,5,1,1.26172
0.86525,1.865,1.41425,1.718,1.0415001,5,2,1,5,5,5,1,1,5,5,1,1,1.39022
1.016,1.145,1.3145001,1.1465,1.6565,2,5,5,5,1,1,5,5,1,2,5,2,1.99695
0.98300004,0.944,1.892,1.082,1.1735001,1,5,5,5,5,5,5,5,5,5,5,2,2.50215
0.54725,0.93200004,0.55175,1.22225,0.53975,5,1,5,2,2,5,5,5,5,5,5,1,1.66565
0.75049996,1.7645,1.9842501,1.39925,1.979,5,2,2,2,2,5,2,1,5,2,5,1,0.876398
1.3594999,0.91550004,1.7345,0.69725,1.82375,2,5,5,5,5,5,5,5,1,2,1,1,4.1322
1.9955,1.71425,0.95449996,0.93125,1.11725,5,5,5,5,5,1,5,5,5,1,2,2,2.87552
1.62125,1.79075,1.367,1.36925,1.775,5,5,2,5,2,1,2,5,5,5,1,1,1.5066
1.6205,1.97675,0.79324996,1.841,1.661,5,2,5,2,2,5,5,2,5,5,5,1,1.15996
1.20425,1.502,1.52975,0.92825,0.596,5,5,2,5,5,5,1,5,5,5,5,1,2.76506
1.14275,1.17575,1.65275,1.106,0.50525,5,2,2,5,2,5,5,1,2,1,2,1,2.0829
0.5315,0.8735,1.6850001,1.6655,0.842,5,2,2,5,5,2,2,5,5,5,2,1,2.02656
0.9575,1.27325,1.2545,0.623,1.61525,2,5,2,5,5,5,5,5,5,2,2,1,4.59932
1.1045,0.59675,1.3985,0.5615,0.575,5,5,5,1,5,5,1,5,5,5,5,2,3.50892
1.8245,1.814,1.58675,1.31825,1.41425,2,2,2,5,2,2,5,5,5,5,2,2,1.47169
0.587,1.75475,1.8425,0.5675,1.36475,2,5,2,5,1,2,2,5,1,2,5,1,3.37986
0.7415,1.78175,1.20275,1.6422501,0.92825,1,1,2,5,5,2,1,1,5,5,5,2,2.41194
1.6422501,0.857,1.1,1.643,0.9905,2,5,5,5,5,1,5,2,5,5,5,2,0.881515
1.51625,1.97,1.256,0.86225,1.1352501,5,5,5,5,2,5,5,5,2,2,5,2,3.67385
1.24325,1.304,1.92125,0.67775,0.7205,1,1,5,5,5,5,1,2,5,2,5,2,2.7827
0.81725,0.81425,0.605,1.9805,0.7475,5,5,5,5,5,5,5,5,5,2,2,1,1.4436
1.8807501,1.17875,1.214,1.9325,1.87175,5,5,5,2,5,5,1,5,2,5,5,1,1.24634
0.68675,0.596,0.51125,0.50525,1.78775,5,5,2,5,5,5,2,5,1,5,5,2,4.92606
0.87874997,0.884,0.6545,1.43375,1.562,5,2,5,5,5,5,5,5,2,5,5,1,1.74282
1.145,0.62975,1.247,1.5755,1.247,5,2,2,2,2,2,2,1,5,1,5,1,4.33319
0.8555,1.43525,0.55175,0.73625,0.81949997,5,5,5,5,5,1,5,5,2,2,2,1,3.70017
1.9842501,1.85075,1.73,1.00625,1.7675,5,1,5,5,2,5,5,5,5,5,5,2,2.47312
1.4225,1.6415,1.472,1.745,1.796,5,5,2,5,1,5,2,1,5,2,5,2,1.25629
1.2657499,0.563,1.89425,0.5195,1.60775,1,2,5,5,5,5,5,5,5,2,5,1,4.39975
1.175,0.5435,1.061,1.094,1.5035,1,2,5,5,2,5,5,5,2,5,5,2,1.93959
0.893,0.8915,1.76825,0.746,1.208,2,5,2,5,1,5,5,1,5,5,5,2,1.31339
1.8485,1.244,1.0385001,1.7405,0.5495,2,2,5,5,5,5,5,2,5,1,1,1,1.52331
0.73325,1.0302501,1.02125,1.43975,0.94025004,2,1,2,5,5,2,2,1,2,2,2,2,2.07186
1.892,1.2425001,1.1240001,0.6665,1.0504999,2,5,5,5,5,5,2,1,5,1,5,1,3.45636
1.643,0.746,0.53975,1.0265,1.7795,5,5,5,5,5,5,5,5,2,5,5,1,2.98636
1.2987499,1.16225,1.6505,1.1847501,1.475,5,5,5,5,5,5,5,5,1,1,1,1,2.53036
1.271,0.9815,1.2867501,1.82675,0.518,2,5,5,1,2,1,5,5,2,5,1,1,1.19672
1.49225,1.4614999,1.8575,0.7115,1.0115,5,1,5,5,2,2,5,5,2,5,5,2,2.92269
1.7967501,1.90475,1.01825,1.4255,1.88525,5,5,2,1,5,5,2,5,2,5,2,2,1.13498
0.71525,1.277,1.89275,1.94375,0.90725005,5,2,5,5,1,5,1,2,5,5,2,2,1.06333
1.1975,1.973,1.84325,0.968,0.57125,5,2,2,5,5,5,2,5,5,5,2,2,1.99157
0.9005,0.77375,0.77375,0.77674997,1.877,5,5,5,2,5,5,5,5,1,5,2,2,3.15453
1.68725,0.8315,1.313,1.6325,1.53125,5,1,2,5,5,5,5,5,1,5,5,2,1.29781
1.9325,1.27925,0.81125,0.8945,1.65275,1,2,5,5,2,5,5,2,5,5,5,1,2.44303
0.53375,0.98,1.46375,1.90925,1.454,5,5,5,5,2,2,5,1,5,2,1,1,1.37195
1.151,0.7055,1.75475,1.0445,1.1255,1,1,2,5,5,2,1,5,5,5,1,2,2.0445
1.847,1.98275,0.73025,1.71725,1.47575,5,5,5,5,2,1,1,5,2,5,1,1,1.17759
0.88475,1.74125,0.94775,0.9335,0.69875,1,5,2,5,5,5,1,2,5,5,1,1,1.469
1.78175,1.4779999,1.244,1.1435001,1.94375,5,5,2,5,5,5,5,2,1,2,2,2,2.34304
1.89725,0.869,1.5965,1.63625,0.8495,5,5,1,5,5,2,2,2,5,5,5,1,1.72269
0.911,1.4412501,0.833,1.58825,1.556,1,5,5,5,1,1,2,1,2,5,5,2,1.16847
0.70925,1.1495,1.112,1.5005,0.9455,5,2,5,5,5,5,2,2,5,5,5,1,1.72817
1.36925,0.923,0.79475,1.99475,1.9745001,5,5,2,5,5,1,1,2,5,5,5,2,0.926457
0.896,1.87925,0.557,0.95225,1.826,2,5,5,2,5,5,2,5,5,1,5,1,1.77601
1.1495,1.73975,1.622,0.6725,1.7870001,2,5,1,5,1,5,2,5,5,5,2,2,3.16959
0.923,0.77225,1.99325,0.82774997,1.63625,2,2,5,5,2,1,5,2,5,5,5,1,1.8699
1.81475,1.38125,1.115,1.8560001,0.82925,1,5,5,5,1,2,5,2,5,1,2,1,0.685985
0.824,1.169,1.3722501,0.9695,1.59275,2,2,5,1,5,5,5,5,2,5,2,2,1.95563
1.89725,0.82850003,1.808,1.826,0.68825,2,2,1,1,1,2,1,5,5,2,5,2,1.8202
1.0257499,1.4105,0.62975,0.7385,1.5575,5,5,5,2,5,5,5,5,1,2,5,2,3.08917
1.8185,1.967,1.8297501,1.68725,1.9715,5,5,2,5,5,2,5,5,5,2,2,2,1.5193
0.96575,1.7045,0.67325,1.42625,1.7825,2,2,5,2,5,1,5,5,2,5,5,1,1.27
1.2275,0.94325,0.87874997,1.1405001,1.751,5,2,5,1,5,2,5,2,1,2,5,2,1.87197
1.04825,1.8065,0.97325003,0.9785,0.59675,5,2,5,1,2,5,5,2,5,5,2,1,2.00229
1.655,1.78625,1.17125,0.5105,1.60175,5,1,5,5,2,5,5,5,5,2,5,1,5.69353
1.96775,1.778,0.54125,0.578,0.84725,5,5,5,5,5,5,2,5,2,5,5,2,4.7531
1.613,0.548,1.39175,1.007,0.55625,5,5,5,5,2,1,2,5,5,5,5,2,2.26774
1.3227501,1.73375,0.72725,1.4315,1.2177501,5,1,2,5,2,5,5,2,1,5,2,1,1.55013
1.0805,1.997,1.781,1.75025,0.794,5,5,5,2,5,5,5,5,5,5,1,2,1.31666
0.5015,1.2185,1.712,0.89,1.6205,5,2,5,5,5,5,5,5,5,5,2,2,2.84235
1.16675,1.30025,1.1075001,1.40375,0.686,5,5,5,2,1,5,5,2,2,5,5,2,1.72708
0.76025,0.5855,1.78025,1.40225,1.46525,5,5,5,5,5,5,5,5,5,5,5,1,2.15557
1.325,0.707,0.61925,0.80675,0.7085,5,2,2,5,2,2,1,5,5,5,1,2,2.65996
1.337,1.8965,1.55,1.7855,0.7835,5,2,1,2,5,5,2,5,5,2,5,2,0.677036
1.12925,0.86450005,1.10375,1.1165,1.6257501,5,5,2,2,5,5,5,1,5,5,1,2,2.11524
1.31,1.12925,1.961,1.58075,1.9580001,2,2,5,2,1,1,5,5,5,5,5,1,1.84753
1.3924999,1.63325,0.83599997,1.89125,1.17125,1,5,2,5,2,5,5,1,5,5,5,2,0.610869
1.03475,1.0355,1.964,1.2425001,1.2545,1,5,5,5,2,5,5,5,5,5,5,2,2.15907
0.509,1.2207501,1.2409999,1.83425,1.922,5,5,2,5,5,2,5,2,2,5,2,2,1.40718
1.625,1.01075,1.60025,1.99175,0.593,5,5,5,5,5,5,5,2,5,1,2,2,1.45101
0.55625,1.65275,1.74275,1.83725,1.1930001,5,2,2,5,5,2,5,5,2,5,5,1,1.27782
0.872,0.55175,0.86074996,0.6335,0.6935,5,5,5,5,2,2,5,1,2,5,5,1,4.2481
1.7967501,1.8065,1.56875,1.2095001,1.2155,5,2,5,5,5,5,5,2,5,5,2,2,2.01
1.751,1.8485,1.4944999,1.49975,0.773,1,5,5,1,1,2,5,5,5,2,5,1,1.21938
1.3310001,1.93175,0.7835,1.5545,0.7715,5,2,1,2,5,5,5,5,5,5,5,1,1.25345
1.40975,0.5645,1.184,1.13975,0.7385,5,5,1,1,5,5,5,2,5,2,5,2,1.97882
1.3895,1.7645,1.76,1.2125001,0.91174996,1,5,5,5,5,2,5,2,5,5,5,1,0.857074
1.0797501,0.69725,0.96650004,1.4660001,1.70975,2,2,5,5,5,5,5,5,5,5,5,2,2.17073
1.751,1.391,0.63125,1.58825,1.75025,5,1,5,5,5,5,5,5,5,5,1,2,1.53252
1.118,0.54725,1.8665,1.58825,1.13675,5,1,2,5,2,5,5,2,5,2,5,1,1.58033
0.57725,0.5765,1.90325,1.80125,1.68275,5,2,2,5,1,2,5,5,2,1,5,2,2.37917
1.41725,1.36475,0.6185,1.9070001,1.271,5,5,5,5,5,1,5,2,2,5,1,1,1.27982
1.89575,1.043,1.0332501,0.773,1.65125,5,5,5,2,5,2,1,5,1,5,5,2,1.94385
1.379,1.4855001,1.77725,1.1285,1.34825,1,1,1,5,2,2,5,2,1,5,5,1,1.23777
0.51275,0.81949997,1.4944999,0.87575,0.79324996,5,5,1,2,2,5,2,5,2,2,5,2,2.12254
0.81575,1.72625,0.62525,0.5495,1.25225,5,2,5,5,1,2,1,1,2,5,5,1,3.16546
1.3805001,0.81425,1.31,0.7745,1.28075,5,5,5,2,5,2,2,2,2,5,5,2,3.15209
1.11425,1.61225,1.046,1.27175,1.96025,2,5,5,2,5,5,5,5,5,5,5,2,1.66265
1.1975,1.63475,1.57175,1.25825,0.95000005,2,5,5,5,2,5,5,5,5,1,5,1,2.13546
0.81949997,1.19225,1.08575,1.80575,0.90275,2,5,5,5,5,5,5,5,5,2,5,2,1.50054
0.67625,1.8635,1.1112499,0.6215,0.866,5,2,1,5,2,5,1,1,1,2,5,1,3.5
0.80375004,1.2574999,1.4495001,1.2867501,1.06475,5,5,1,5,2,5,2,5,2,2,5,2,1.83487
0.842,1.3085,1.4135001,1.484,1.74125,2,2,5,1,5,2,5,5,5,5,5,1,1.671
1.1015,0.90425,0.8225,0.7625,1.4367499,5,2,5,5,5,5,1,5,5,5,5,2,2.87973
1.45625,1.838,0.52925,1.53875,1.47575,2,5,2,2,2,5,5,5,1,5,5,1,1.31344
1.90925,1.4382501,0.62825,1.2275,1.53575,5,2,2,5,5,2,5,5,5,5,5,2,1.86578
1.80425,1.91075,0.7175,0.66425,1.90025,5,5,2,5,1,2,5,5,5,5,5,2,3.9631
0.7625,1.46675,0.55325,1.93625,0.76475,1,5,5,2,5,5,5,2,2,2,5,1,1.39468
1.61975,0.58175,1.01075,1.904,1.6775,5,5,2,5,1,5,2,5,2,5,5,1,1.20012
1.19825,1.51475,1.73,1.1,1.91975,2,5,5,2,2,2,5,1,5,2,2,1,1.06912
1.51775,0.94475,1.4255,1.706,1.6355,5,1,5,5,5,5,2,5,5,5,2,2,1.05813
0.53375,1.66925,1.27475,0.6695,1.2785001,5,5,2,2,5,5,5,5,5,5,2,1,3.30915
1.20575,1.0205,1.766,1.3625,1.3475001,2,5,2,5,5,5,2,2,2,5,5,1,1.45007
0.94325,1.5215,0.92525,0.64925003,0.9335,5,5,2,5,5,5,5,5,2,5,5,1,4.95813
1.9865,1.9115,1.83275,1.94825,1.2904999,5,5,5,2,5,5,5,2,5,1,5,1,1.20431
0.878,1.81025,0.58924997,0.61625,1.62725,2,5,2,5,5,2,5,2,1,5,2,2,1.25915
1.154,1.2515,0.5735,0.80149996,0.89225,5,2,5,1,1,1,5,1,5,5,5,1,2.07319
1.793,1.1554999,1.8785,1.45925,1.62425,5,2,1,5,5,5,5,2,5,5,5,1,1.75935
1.86875,1.40225,1.63775,1.53875,0.63725,5,1,2,5,5,2,5,5,2,2,1,1,1.33625
1.42925,1.61225,1.8065,0.88625,1.0617499,5,5,2,5,5,1,5,1,5,5,2,2,2.82009
1.4367499,1.4990001,1.4300001,1.898,1.7030001,5,5,5,5,5,2,5,5,2,1,5,1,1.32717
0.88175,1.0699999,1.2455001,1.50725,1.661,5,5,2,1,2,2,1,5,2,5,5,1,1.3842
1.868,1.5185,0.67025,1.313,1.3115001,5,5,5,5,1,5,5,2,5,1,5,2,2.17317
0.56075,1.73675,1.769,1.01675,0.77075005,5,5,2,5,2,2,2,2,5,5,1,1,2.26879
1.2425001,1.00175,1.07675,1.5485001,1.076,5,2,5,5,5,5,2,5,5,5,5,1,1.252
1.98875,0.56675,1.1015,1.73075,0.65525,5,5,5,2,2,2,2,5,2,5,5,2,1.45851
0.73775,1.946,0.752,1.2672501,1.76675,5,5,5,2,2,1,2,5,1,5,5,2,1.10674
0.68525,1.385,1.2125001,0.65825,0.5765,2,5,1,2,5,5,2,5,5,5,5,2,2.35444
0.71075,1.2342501,1.202,1.86125,1.4975,5,5,5,2,5,1,1,1,5,5,5,1,1.8191
0.614,1.4465001,1.75625,1.2635,1.85525,5,5,5,1,5,5,5,2,1,5,1,2,2.45487
0.88025,1.18925,1.832,1.87775,1.20425,5,5,5,5,2,5,2,5,5,2,2,2,1.28817
0.91550004,1.487,0.659,1.202,1.355,5,2,5,5,5,1,5,1,5,5,5,1,1.90289
1.514,1.121,1.07525,0.70925,0.95225,5,1,5,2,5,5,5,2,5,2,5,2,2.62552
0.788,0.7745,1.74275,1.1735001,1.4375,5,5,5,2,5,5,5,2,2,2,2,2,2.41775
1.8642501,1.1472499,1.0864999,1.1285,0.64475,2,2,5,5,2,5,2,5,5,5,5,2,2.04138
1.52525,0.95675004,0.974,1.0895,0.93275,5,2,5,2,5,2,5,5,2,2,5,2,1.38678
1.25975,1.922,1.65425,1.08575,1.4015,5,5,5,5,1,2,5,2,1,5,5,1,2.37961
0.93275,0.65975,1.7735,1.82525,1.01525,2,2,5,5,5,1,5,5,5,2,2,2,1.88577
1.89125,0.98899996,1.4885,1.5912501,0.58625,1,5,5,5,5,5,2,1,5,5,5,2,1.27317
1.526,0.671,1.54475,0.815,1.09325,2,2,5,5,2,5,2,5,5,1,5,1,3.40154
0.52325,0.5075,1.78175,0.83000004,1.17725,2,2,5,2,5,2,5,2,5,1,2,2,4.85213
0.95825005,0.6665,0.87874997,0.98675,0.68225,5,5,5,2,5,2,2,2,2,2,5,2,3.32559
1.24775,1.0504999,0.5765,1.922,1.6805,5,2,5,2,5,5,5,5,2,5,2,1,1.79382
1.6085,1.29725,1.4532499,0.91775,0.64024997,5,5,5,5,5,2,5,5,1,5,5,2,2.83298
0.7655,1.20725,0.70175,0.97775,1.4105,5,5,5,5,2,2,5,2,5,1,1,2,2.72297
1.811,0.911,1.63775,1.4405,1.3415,5,5,1,5,5,5,5,5,5,1,1,2,1.92243
1.2665,1.511,1.973,1.21175,0.884,5,2,5,5,1,5,5,5,5,5,2,2,2.00434
1.65575,1.73225,1.1802499,1.706,1.4315,5,5,2,5,2,5,5,5,5,5,1,1,1.63426
1.6535,0.66125,1.142,1.4937501,1.9265,5,2,5,5,2,2,1,5,2,5,5,1,1.02853
1.62125,1.88975,1.79825,0.698,1.14275,5,5,5,2,5,5,2,5,5,5,5,2,2.69302
1.09025,1.3655,1.2702501,1.6145,0.998,2,5,5,5,5,5,5,1,5,5,5,1,1.6918
1.3715,1.0617499,1.45625,1.16225,1.5155,5,5,5,2,5,1,5,5,2,5,2,2,1.85967
1.3865,0.872,1.87475,1.184,1.1554999,2,5,5,5,2,5,2,5,5,1,5,2,2.29602
1.0534999,1.64825,1.74125,0.794,0.93725,2,5,5,2,2,2,5,5,2,2,2,2,2.0569
1.529,1.1645,0.69124997,1.988,1.4089999,5,1,2,5,5,5,5,5,1,2,5,1,1.06594
0.7925,1.253,0.755,1.20575,1.69775,1,5,5,2,5,5,2,2,2,2,5,1,1.85603
0.6695,1.844,0.893,1.53425,1.88375,2,5,2,5,2,5,2,5,1,1,5,2,1.4391
1.1645,1.391,1.6925,0.9935,0.66875,5,5,2,1,2,5,2,2,5,5,1,1,1.94799
1.85375,1.62725,1.1945,1.15775,0.815,5,5,5,2,5,5,1,5,5,5,1,1,1.68055
1.5905,1.3685,1.64075,0.98300004,1.1570001,2,2,5,5,5,5,2,5,2,2,2,1,2.12178
1.13825,0.85775,1.3557501,1.76,1.10225,5,5,2,5,5,2,2,2,5,5,2,1,1.80548
1.3835,1.1884999,1.79525,1.9085,1.985,5,5,5,5,5,1,5,5,2,5,5,2,1.27319
0.69949996,1.80725,1.08125,0.82850003,1.69925,5,5,5,5,2,5,5,2,5,5,2,1,3.95471
1.96325,0.94025004,1.8005,1.78775,1.502,5,2,1,5,5,5,5,5,5,5,2,1,1.25875
0.905,1.76,1.0895,1.3895,1.00475,2,5,5,5,5,5,5,2,5,2,2,1,1.84558
1.01675,1.58975,1.95575,0.92525,1.517,5,5,5,5,5,5,2,5,5,5,5,2,2.8315
0.67325,1.1487501,1.8755,1.5575,0.89375,5,5,5,1,5,5,5,1,5,2,5,2,2.134
0.563,1.5725,0.839,1.97525,0.64024997,5,5,5,5,2,5,2,5,1,5,2,1,1.27394
0.64100003,1.3197501,1.80575,1.62125,1.11725,5,2,2,1,5,2,5,2,2,5,5,2,1.71776
1.3355,0.53824997,0.85775,1.946,0.7655,5,5,5,5,2,5,5,2,2,1,5,1,1.62929
0.82475,1.4885,1.19825,1.3152499,1.75925,2,2,5,5,2,2,5,2,5,2,1,1,1.16516
1.0092499,0.6965,1.448,1.5912501,1.4382501,5,5,5,5,5,2,2,5,5,5,5,1,1.30016
1.649,0.7355,1.406,1.49225,0.57725,5,5,5,5,5,2,2,5,5,5,5,1,1.43402
1.6535,1.5275,1.2425001,1.0355,1.9655,5,5,5,1,5,5,1,2,1,1,5,1,1.65285
1.34975,1.59725,1.739,1.5995001,1.661,2,5,5,1,2,5,5,2,5,2,2,1,1.3328
1.538,1.13825,0.64925003,1.32575,1.943,5,5,5,5,1,5,5,1,5,5,5,1,2.22127
1.98725,1.30175,1.3505,1.78625,1.2049999,5,1,2,5,5,5,1,5,1,2,5,1,0.910439
0.647,1.9415001,0.96650004,1.64375,1.08425,2,2,1,2,1,5,2,5,2,5,5,2,1.22257
0.76100004,1.883,0.90575004,1.29275,0.8885,5,5,5,5,2,5,1,5,5,5,1,1,2.01933
1.163,0.77,1.6265,1.682,1.1554999,5,2,1,2,5,5,1,5,2,2,2,2,2.14024
0.85325,0.53,1.29725,1.619,0.6815,5,1,5,2,5,5,5,5,2,5,5,2,2.15217
0.74975,1.17275,1.5335,1.69175,0.76625,5,2,5,2,5,2,5,1,1,1,2,1,1.07994
1.9745001,1.0174999,1.19375,0.99875,1.60475,2,2,2,2,5,5,2,5,2,5,5,2,2.64258
1.784,1.6895,1.79375,0.959,1.964,2,5,5,2,5,5,2,5,2,5,5,1,1.76975
0.72875,1.67525,1.0550001,1.8215001,0.8105,2,1,5,2,5,2,5,2,5,5,5,1,0.967671
1.5185,1.22,0.56825,1.44725,1.8807501,2,5,5,5,5,5,5,5,1,2,5,2,1.84189
1.84025,1.95275,0.84725,1.661,1.35875,5,5,2,5,5,5,5,1,1,2,5,1,1.5788
0.86675,1.316,1.715,1.0452499,1.68875,5,5,1,2,5,5,5,2,1,5,5,1,2.12481
1.8215001,1.26425,1.0617499,0.803,1.607,5,2,1,5,2,5,5,2,2,5,1,2,2.85035
1.6175001,1.0092499,1.178,1.71275,1.97675,5,2,5,5,5,1,5,2,2,5,5,2,1.37076
1.66775,1.60775,1.79,1.271,1.23875,5,5,5,1,2,2,5,5,2,2,2,2,1.48679
0.73775,0.926,0.7745,1.87775,1.84025,5,5,5,5,5,5,5,5,5,5,5,1,1.53764
0.5465,1.7795,1.73675,1.7967501,0.77524996,1,5,5,5,5,5,5,5,5,1,5,1,1.75711
1.5545,0.67550004,1.6085,0.61475,1.61825,5,5,2,2,2,1,5,5,5,5,5,1,3.33401
0.77975,1.79975,1.66325,1.8050001,0.80225,5,5,5,5,5,1,1,2,5,5,2,1,1.05379
0.677,0.791,1.97675,0.719,1.1930001,5,5,5,2,5,5,5,5,5,2,1,2,3.49502
1.853,0.794,1.62275,0.72275,1.52825,5,5,5,5,2,5,5,5,5,1,5,1,4.87031
0.5405,1.8935,0.58775,1.9925001,1.0265,5,1,5,2,5,2,5,5,5,1,2,1,0.739588
0.84875,1.2965,1.334,1.511,0.55325,5,2,5,2,5,5,2,5,1,2,5,2,0.962661
0.63275003,1.28825,1.43525,0.79475,1.51025,5,5,5,1,5,5,5,5,5,2,2,2,3.29798
1.58375,0.7565,1.7075,1.1105,1.92875,2,5,2,5,2,5,5,2,5,5,5,1,1.30683
1.073,1.2214999,1.25675,1.70225,1.39325,2,2,5,1,5,5,1,2,5,2,5,2,1.25732
1.6422501,1.70675,0.82925,1.6092501,1.0797501,5,5,5,2,5,5,1,2,5,5,5,1,1.19623
1.35425,1.09325,0.6965,1.937,0.647,5,5,5,5,1,5,5,5,5,5,5,1,1.48217
1.06475,1.175,0.58325,1.3025,0.74,5,2,5,1,5,1,2,1,5,2,2,1,1.44015
0.76325,1.8987501,1.169,0.76699996,1.97975,5,2,5,5,5,5,5,5,5,1,5,1,3.46118
1.65125,0.73025,1.1637499,0.94624996,1.412,2,5,5,2,5,2,5,5,5,5,5,2,3.03614
1.3475001,1.3310001,0.647,1.6445,1.47875,5,5,1,5,5,2,5,1,5,2,5,1,1.50301
1.44575,0.93799996,1.72925,0.80375004,1.19975,5,5,5,5,5,2,5,5,5,5,5,2,3.38248
1.24025,0.88475,1.3347499,1.87475,0.596,5,5,1,5,5,1,2,2,2,2,5,1,1.4755
0.64024997,1.03625,0.698,1.5785,1.919,5,2,5,5,5,1,1,1,5,1,2,2,1.86874
1.58225,1.66625,0.72275,0.566,1.39475,5,5,5,1,5,2,2,1,5,5,2,1,2.60219
1.2574999,1.7277501,1.682,1.94075,1.49675,5,1,5,1,5,2,2,5,5,5,5,2,1.131
0.506,0.5435,1.2342501,1.7870001,1.757,5,2,5,5,5,5,5,1,5,2,5,2,1.30715
1.5875,1.58,1.7787501,1.8095,1.892,5,2,5,2,1,5,5,2,2,5,5,1,1.36185
1.10225,1.38275,1.3527501,1.1637499,1.8935,2,1,5,5,2,2,5,5,5,2,1,1,1.69081
0.851,1.457,1.06025,1.00025,0.9065,1,5,5,2,5,5,2,5,1,5,5,2,1.64787
1.85975,1.58375,1.86725,0.7385,1.15625,2,5,5,5,2,2,5,2,5,5,5,1,1.21924
0.986,1.92125,1.61375,1.5237501,1.29275,5,5,2,1,5,2,2,5,5,5,5,1,1.35678
1.586,1.3895,1.184,1.8642501,1.79,1,5,2,5,2,5,2,5,2,5,2,1,1.05436
0.9965,1.60325,1.946,0.85475004,1.199,2,5,2,5,1,5,5,5,2,5,2,1,2.95499
0.797,1.55075,0.6095,1.07375,1.13375,5,1,1,5,2,5,5,1,5,5,5,1,2.6428
1.69175,0.8945,1.0925,0.79925,1.3775,1,5,5,5,1,5,2,1,5,5,1,1,2.73947
1.739,1.301,0.73325,0.87725,1.08725,2,1,5,5,5,5,5,5,5,2,5,2,2.41802
1.64975,1.75025,0.85175,1.4225,0.83599997,1,5,5,2,5,2,5,5,2,5,1,1,1.10205
1.53425,1.41575,1.49675,0.905,1.19,2,2,5,5,5,5,2,5,5,2,5,1,2.32828
0.75874996,1.3895,1.06775,1.42625,1.27925,5,5,1,5,5,5,2,5,2,5,2,1,1.68645
0.653,1.1472499,1.8455,1.70675,1.70375,5,5,5,2,5,5,2,5,2,2,1,1,1.18425
1.79075,0.85175,1.8875,1.5875,1.77725,5,2,2,5,5,5,5,5,5,5,5,1,1.45862
0.62675,0.81275,1.56425,1.5335,1.45925,5,5,5,1,5,2,2,5,5,5,5,2,1.40393
0.59375,1.5065,1.961,0.84424996,1.919,5,2,2,5,5,5,5,1,5,2,5,2,2.74455
1.9025,1.1600001,1.37525,1.3527501,1.289,5,2,2,5,5,1,5,5,2,2,5,2,1.30199
0.98975,1.7075,1.667,1.1554999,1.88525,5,1,5,2,5,5,2,1,2,5,2,1,1.32759
0.89825,1.4742501,0.5225,1.2665,1.5425,2,1,5,2,1,5,2,5,5,1,2,2,1.31699
0.65675,1.5335,1.2590001,0.59375,1.028,5,5,5,5,1,2,5,5,5,5,2,2,5.01326
1.42775,1.2132499,0.54275,1.2260001,0.803,2,5,5,1,2,5,5,2,2,5,1,1,1.63838
1.91975,1.7885001,1.9925001,1.7135,0.875,5,5,5,1,5,5,2,5,1,5,2,2,1.06574
1.2372501,1.7945,0.98375,1.77275,1.0205,1,5,1,5,2,5,5,5,5,2,2,2,1.49822
0.76475,0.97325003,1.10225,0.998,1.55225,5,5,5,5,5,2,1,1,2,2,5,2,2.32861
1.68275,1.4915,0.51275,1.73975,1.58525,5,5,2,2,2,5,2,5,5,2,1,1,1.02783
0.85625005,1.09175,1.45175,1.10075,0.93799996,1,5,5,5,5,5,5,5,5,5,2,2,2.48821
0.5585,1.87925,1.412,0.97625,1.049,5,5,5,5,2,5,5,5,5,5,5,1,3.41601
0.9605,0.809,1.78475,0.73925,1.70825,5,1,5,5,5,2,5,5,2,5,5,2,2.97792
1.814,1.72175,1.841,0.70475,0.764,5,5,5,5,5,5,5,5,5,2,2,2,4.89247
1.1359999,0.55550003,1.70975,1.4089999,1.145,5,2,5,5,5,5,1,5,5,5,2,2,1.34016
1.8425,1.394,1.91975,1.92725,1.43975,5,2,5,5,5,5,1,5,5,5,5,2,0.901899
0.77075005,1.05725,1.7030001,0.509,0.509,5,5,5,2,1,5,2,5,5,1,1,2,3.88444
0.63575,0.83825004,1.0265,1.757,1.1945,2,1,5,5,5,2,2,5,2,2,5,2,1.89362
0.67175,1.06475,1.8665,1.25525,1.178,5,5,5,2,5,5,5,2,5,2,2,2,2.0612
1.94375,1.8455,0.50675,1.40375,0.527,5,5,5,1,5,5,5,5,2,5,5,2,1.60044
1.724,1.77425,0.73775,1.1525,0.8255,5,5,1,5,5,2,5,2,5,5,5,1,2.18944
0.91174996,1.37525,1.388,1.3032501,1.5755,5,5,1,1,2,5,5,2,2,5,1,1,1.78044
1.20725,0.5855,1.892,1.62875,1.277,2,5,2,1,2,5,5,5,1,5,1,2,1.86526
1.20575,0.73325,1.28,0.5645,1.1029999,2,5,2,5,2,2,5,5,2,5,2,1,4.30854
0.89075,0.55175,1.9415001,1.54925,0.77900004,5,5,2,5,1,1,5,5,5,5,1,2,1.56834
1.03475,1.68725,1.0295,1.12325,0.719,1,2,5,5,5,5,5,2,2,5,5,2,1.88966
1.82,0.56075,0.82475,1.496,1.46075,1,5,5,5,1,5,5,5,5,5,2,1,1.75953
1.2605,0.677,1.17875,1.36025,0.96875,2,5,5,5,5,2,1,5,5,5,5,1,1.97664
1.6257501,0.764,1.238,1.637,1.60475,1,5,5,5,5,2,2,2,2,2,2,2,1.60069
1.457,0.9335,1.63925,1.7975,1.5845,5,5,1,5,5,2,1,2,2,5,5,2,1.20743
1.47125,1.007,1.33175,0.67325,0.51575,5,2,5,1,2,5,2,5,5,5,5,1,2.05526
1.412,0.53075,1.2965,0.93200004,1.802,5,2,5,5,5,5,5,5,5,1,1,1,2.82042
1.50125,1.9055,0.53375,0.9455,0.84575,5,5,2,5,5,2,5,2,5,2,2,1,2.72473
1.42625,1.53575,1.346,1.68275,1.2214999,5,5,2,5,5,2,5,2,2,2,1,1,1.51395
1.415,0.611,1.8305,1.68275,1.70225,5,5,1,2,5,1,5,5,5,5,2,2,1.65462
1.70075,1.19375,1.41425,1.22,1.86125,5,1,2,5,5,2,2,2,2,5,2,2,1.52444
1.64375,1.121,0.575,1.8635,1.6925,5,1,5,5,2,5,5,2,5,5,5,1,1.26028
1.166,1.88825,1.3505,0.82325,1.742,2,5,5,1,5,5,5,2,5,2,1,1,2.27209
1.355,1.511,0.833,1.9955,1.66775,5,2,5,5,5,1,5,2,5,5,5,2,1.04302
1.27625,1.82,1.0775,1.1847501,0.96125,1,5,2,2,5,5,5,5,5,1,5,2,1.56324
1.71425,1.41125,0.91400003,1.08875,0.78575003,5,5,5,1,2,2,5,5,1,5,2,1,1.79035
1.937,1.63775,1.08425,0.79324996,1.14425,2,5,5,5,5,1,5,5,5,5,5,1,2.99809
1.406,1.89575,1.097,1.41875,0.62375,5,2,5,2,2,5,1,5,5,5,5,2,1.12731
1.52,0.71075,1.94675,1.994,1.859,5,5,1,2,5,5,5,5,5,2,2,1,1.47763
1.81025,1.0497501,0.605,0.659,0.91174996,5,2,5,5,5,5,5,5,5,5,2,2,3.94341
0.9755,1.4449999,1.475,0.9125,1.50425,5,5,5,1,1,2,2,5,5,5,2,2,1.80912
1.60475,1.148,0.87125003,1.58975,1.85225,5,2,2,2,5,5,2,5,5,5,2,2,0.899074
0.5255,0.593,0.57425,1.1345,1.0145,5,5,2,5,5,2,5,1,1,2,2,1,2.64885
1.85525,1.3264999,0.7295,1.811,1.715,5,5,5,5,5,5,5,5,2,5,5,2,1.51735
1.1075001,0.54275,1.9805,1.0467501,1.31225,1,5,5,2,5,1,5,5,5,5,2,1,2.32518
0.83525,1.03175,1.592,1.78175,1.09025,1,5,5,2,2,5,1,5,5,5,1,1,1.72524
0.96500003,1.6850001,0.69275,1.45175,1.1645,5,5,5,5,5,5,5,5,5,1,5,2,2.00676
0.5015,1.6340001,0.626,0.50075,1.7285,5,2,1,5,5,5,2,5,5,1,5,1,4.24205
1.49,1.8155,1.811,1.56425,1.2672501,5,5,5,5,5,5,2,2,5,2,5,2,1.64191
0.80525,1.8395001,1.5635,0.665,1.9295,5,5,5,2,2,5,2,5,5,5,5,1,2.85623
1.571,0.81275,1.13375,0.665,0.75874996,2,5,5,5,5,2,2,1,1,2,2,2,2.06331
1.63925,0.593,1.6422501,1.841,0.84424996,5,2,5,1,1,2,5,5,5,5,1,2,0.798199
1.1352501,1.3985,1.48325,1.77725,0.7625,5,2,2,5,5,5,1,5,1,5,2,2,0.878494
1.54925,1.82825,1.73975,1.61,0.59525,5,5,5,5,5,5,1,5,5,2,5,2,1.57393
1.20575,0.872,0.87425,1.2297499,0.7175,5,5,2,5,5,5,1,1,5,5,5,2,2.0674
0.845,1.967,1.9985,0.6005,0.75725,5,5,5,1,5,5,5,5,5,5,5,1,4.15966
1.8995,1.5057501,0.78575003,1.88975,1.8815,2,1,5,2,5,5,5,2,5,5,5,2,1.0765
1.8515,1.46675,0.76775,1.1389999,1.39025,5,2,2,2,5,1,2,1,5,5,1,1,0.872005
1.1,0.90575004,1.202,1.4345,0.773,5,5,5,5,2,5,5,2,2,1,5,2,1.9627
1.1,0.56225,1.9685,0.90125,1.79825,1,5,5,5,1,2,2,1,1,1,5,2,1.025
0.67475,1.2260001,0.64925003,1.21625,0.64100003,5,5,2,5,5,5,1,5,5,5,5,2,2.0442
0.9875,0.69425,1.688,0.92525,1.9205,5,2,5,1,5,5,5,5,1,5,5,1,2.16583
1.96475,0.9575,0.95975,0.941,1.0339999,5,5,5,2,5,5,5,5,1,5,5,2,2.51638
0.704,1.6257501,1.14575,1.835,1.3677499,2,2,2,5,5,2,1,1,1,1,5,2,1.57141
1.42625,0.8105,1.421,1.6505,1.87625,5,5,1,5,5,5,5,2,5,2,2,2,1.6254
1.2409999,0.5495,0.64475,1.59575,1.21625,5,5,1,1,5,1,5,5,2,5,1,1,1.67742
1.319,1.53875,1.34975,1.15025,0.677,2,5,5,5,5,1,2,2,5,5,2,2,0.949556
1.0497501,1.15025,1.82525,0.67475,0.51875,2,1,2,5,5,5,5,1,5,2,5,2,1.53073
1.70225,1.14425,1.325,0.8165,1.4465001,5,5,5,2,5,5,5,1,2,5,2,2,2.74294
0.7595,1.289,1.0174999,0.81200004,1.244,5,5,5,5,5,5,5,5,2,2,2,2,3.95135
0.68525,1.32725,1.9955,0.7535,0.9845,5,5,5,5,5,5,2,2,2,2,5,2,3.33916
1.7465,0.731,1.92425,0.64625,1.37375,5,5,5,5,2,2,5,2,5,5,5,2,4.2509
1.619,1.4375,1.7465,1.40225,1.673,5,5,2,2,5,2,2,1,1,2,2,2,1.53948
0.557,1.77275,1.72625,0.99950004,1.57925,5,5,5,2,5,5,5,5,5,5,1,1,2.34904
0.8495,0.79475,1.76975,1.27925,1.71875,5,5,5,5,1,5,5,5,5,2,5,2,2.31636
1.59275,1.808,1.2335,1.973,1.3234999,5,2,5,5,5,5,2,2,1,5,2,1,1.14916
1.7045,1.94375,1.8425,1.115,1.916,5,5,5,5,5,5,5,5,2,5,5,2,2.60593
0.764,1.17125,0.90575004,1.79075,1.655,5,5,5,5,5,5,5,5,2,1,1,1,1.59526
1.4195,0.52625,1.57025,1.553,1.71275,2,5,5,2,5,5,5,5,5,5,5,1,3.17274
0.75425,1.76075,0.5315,1.0595,1.271,1,5,5,2,5,1,5,2,5,2,5,2,1.27043
1.4547501,1.9715,0.5105,1.66175,1.12925,5,5,2,1,5,5,2,2,2,5,5,1,1.16316
1.33025,1.68125,1.58975,1.451,0.95075,2,5,5,2,5,1,1,5,5,2,5,2,0.950717
1.53575,1.2455001,0.9635,0.53675,1.187,5,2,5,5,1,2,5,2,2,2,2,2,3.95435
1.6505,0.8825,1.0325,1.71575,1.967,5,5,2,2,5,5,2,2,5,5,5,2,2.12196
1.6115,1.568,1.5605,1.7375,0.83675003,5,5,5,5,2,2,5,5,5,5,5,2,1.479
1.52975,1.673,0.52175,0.84575,0.71375,1,1,2,5,5,1,5,5,2,5,5,1,2.15949
1.54175,0.63275003,0.668,0.70775,0.72875,5,5,5,1,5,5,5,5,5,5,2,2,3.3216
0.533,1.9415001,1.81625,1.403,0.62075,1,1,5,5,5,5,5,5,5,2,1,2,2.6566
1.2425001,1.8575,1.0992501,0.6275,0.653,5,2,2,2,5,1,2,2,5,5,2,2,1.55201
1.53875,0.6845,1.619,1.61675,1.07525,5,1,5,5,5,1,1,5,5,2,2,2,0.874601
1.41725,0.98074996,1.0092499,0.848,1.24625,5,2,2,5,5,5,5,1,5,5,5,2,2.68428
0.72275,0.5045,1.106,1.4345,1.21925,5,2,2,5,2,5,2,5,2,5,5,2,1.18198
1.61675,1.32875,1.69175,0.575,1.56725,1,2,5,5,5,2,5,5,5,2,5,2,3.0699
0.78125,1.99325,1.3062501,0.545,0.81275,5,2,5,5,5,5,5,5,5,5,5,2,5.12039
0.503,1.51925,0.73625,1.604,1.922,1,2,1,2,5,2,5,5,5,5,5,1,1.53818
1.871,0.54875,1.15625,1.91,1.2125001,5,5,2,5,2,5,2,5,5,5,5,2,1.13746
1.019,1.19975,1.5935,1.253,1.83275,5,5,5,5,5,5,5,5,5,1,2,2,2.37085
1.0265,1.82525,0.81575,0.7805,1.3355,2,5,1,5,5,5,5,2,5,5,5,1,1.00389
1.2665,1.17725,1.05125,0.578,1.61675,1,2,1,5,2,1,5,2,2,5,5,1,1.77296
1.83875,1.90475,1.3924999,1.742,0.9965,5,1,5,5,5,2,5,2,5,5,5,1,1.16674
1.6925,0.76775,1.0504999,1.4435,1.2605,5,5,2,5,5,2,5,5,5,5,1,1,2.04811
1.769,1.29425,0.62675,0.725,0.869,5,2,1,2,5,2,5,2,5,5,1,2,2.21201
0.63875,0.8435,1.8905001,1.817,1.2995,5,5,5,5,5,5,2,5,2,5,5,1,1.36596
0.68299997,1.508,1.9332501,1.9355,0.5735,2,5,5,5,5,5,1,2,5,5,5,1,1.10913
1.7855,1.7825,1.40675,1.0910001,0.70175,1,5,2,5,5,1,2,5,1,5,1,2,1.50583
0.92375004,1.421,1.49,1.2574999,1.208,5,5,1,5,5,5,5,1,1,5,5,2,2.19277
0.72125,1.49225,1.9835,1.118,0.67325,5,1,5,5,5,2,5,5,5,5,5,1,1.98076
0.539,1.78775,1.52525,1.2372501,1.7967501,5,5,1,5,2,5,5,5,5,2,5,2,2.294
1.93625,1.0955,1.313,0.83525,0.59675,5,2,1,2,5,2,1,5,2,5,5,2,1.05577
0.93575,0.68299997,1.27775,1.3955,1.061,5,1,5,2,5,5,5,5,5,5,5,2,1.60298
0.82850003,1.3865,0.62525,0.656,1.64,2,5,5,5,2,5,2,5,2,5,1,1,3.51129
0.9575,1.9535,0.56225,1.16225,1.3805001,5,2,2,2,5,5,5,5,5,2,5,2,1.38622
1.27325,1.0797501,1.3745,1.4367499,1.98125,5,2,2,5,5,2,5,5,5,2,1,1,1.82215
1.90325,1.55,1.29275,0.55550003,0.58775,5,5,5,2,5,5,5,5,5,1,2,1,4.6371
1.772,0.917,1.94375,1.298,1.51025,5,2,1,2,1,5,2,5,5,5,5,2,1.12661
1.55675,0.599,1.2785001,0.89,1.82225,5,5,5,2,5,2,1,2,5,5,5,2,2.97631
1.748,1.01825,1.80275,1.79525,0.755,5,5,2,1,2,5,5,5,5,5,5,2,1.214
0.88175,1.1359999,1.47275,0.74224997,1.3355,1,5,5,2,5,5,5,2,5,5,2,1,2.7033
1.93775,1.4495001,1.562,0.7895,1.2177501,5,2,5,1,2,5,2,5,5,2,5,1,1.68768
1.16075,1.2785001,0.65525,1.21175,1.21025,5,1,5,5,5,5,2,1,2,1,5,1,1.75408
1.448,1.3685,0.8615,1.04825,1.27925,5,5,5,1,1,5,1,2,5,5,5,1,1.77739
1.33325,0.65075,0.791,1.0115,0.56975,1,5,5,5,2,2,5,5,5,5,5,2,2.2629
1.52825,1.1554999,1.77575,1.69025,1.44425,5,5,5,5,5,1,2,1,2,5,2,1,1.25319
0.79625,1.505,0.69200003,1.892,1.70975,1,2,5,5,5,5,5,5,5,5,5,2,1.1916
1.95575,1.1652501,0.65075,1.73525,1.29425,5,5,5,5,5,5,2,5,1,2,2,1,1.42084
1.30925,1.12925,0.97475004,1.02275,1.8515,5,5,2,5,5,1,5,2,5,5,5,2,2.39801
1.39625,0.76100004,0.83975,0.5045,0.7865,2,5,1,5,1,5,2,5,5,5,1,1,4.72951
0.899,0.74375,1.1105,1.505,1.5830001,2,2,5,1,5,5,1,5,5,5,5,2,1.836
1.28975,0.57725,1.859,1.7,1.2995,1,5,2,5,5,2,2,5,5,5,5,2,2.14612
0.51725,0.722,0.521,0.91625,0.56825,5,5,2,5,5,5,5,5,1,5,5,2,3.14812
1.43525,1.38275,0.84575,1.5935,1.51625,2,5,5,5,1,5,5,5,2,5,5,1,1.72525
1.64525,1.718,1.49975,1.54175,1.472,5,5,5,2,5,5,5,1,5,5,1,2,1.47045
1.6985,0.81949997,1.9152501,1.54925,1.2822499,5,2,5,2,5,1,5,5,1,5,5,2,1.97224
1.78625,1.80275,1.523,0.66425,0.7685,2,2,5,5,2,5,5,5,5,2,5,2,3.28483
1.43225,1.35875,0.56075,0.803,1.03175,2,5,2,5,5,5,2,5,5,5,1,2,2.74722
0.80375004,1.46375,1.4675,0.9815,1.41125,5,2,5,5,5,1,5,5,2,1,2,2,2.09671
1.106,1.3865,1.98275,1.3640001,1.26425,2,5,5,2,2,5,5,5,2,5,5,2,1.64265
1.36025,1.26875,1.502,1.84925,1.166,5,2,2,5,1,5,5,5,5,5,2,1,1.20921
1.36325,1.4225,0.6455,1.5905,1.89575,2,5,5,5,5,5,1,2,5,2,5,2,1.33617
0.90575004,1.352,0.78499997,1.99925,0.81725,5,1,5,5,5,5,1,5,5,5,2,2,0.83894
0.56525,1.877,0.533,0.64925003,1.46075,5,5,5,1,5,5,5,5,2,5,1,2,3.25211
0.54575,1.67375,1.025,0.78575003,0.9245,1,2,5,5,5,2,5,2,5,1,2,1,2.88484
1.59275,1.334,1.3512499,1.29425,1.21175,5,5,5,5,5,5,2,5,5,5,5,1,1.74804
1.265,1.163,0.76925004,1.073,1.34075,1,5,1,5,5,5,1,2,5,5,5,1,1.96152
1.05275,1.667,1.77425,1.739,1.5912501,5,2,2,5,1,5,1,5,5,5,5,1,1.48977
1.3865,1.22,0.956,1.2545,1.63025,2,5,5,5,5,5,5,5,5,5,2,2,1.88066
1.61375,0.9245,1.4089999,1.3505,1.589,5,5,1,5,5,5,2,5,5,1,2,1,1.67698
0.971,1.7435,1.574,1.64825,1.3055,5,5,5,5,5,5,5,1,5,5,2,1,1.66855
0.76925004,0.61025,1.35425,1.86275,1.11425,5,5,2,5,5,5,1,5,5,2,5,2,1.65502
1.928,1.8005,1.09625,1.5815,1.4585,5,2,1,5,2,5,1,5,5,5,2,1,1.13116
1.07225,1.1,0.80825,0.557,1.961,5,5,1,2,5,2,5,5,2,2,5,2,3.21437
1.0205,0.67925,1.8215001,1.574,0.57425,2,5,1,1,5,5,5,5,1,2,5,1,1.56362
1.5335,1.15475,0.7895,1.37,0.51875,5,5,5,5,2,2,5,2,5,5,5,2,1.91315
1.16975,0.93575,1.68575,1.9205,0.929,5,2,1,1,1,2,5,5,5,5,5,1,1.45001
1.9235001,1.75175,1.559,1.16975,1.67825,5,5,5,5,5,2,5,5,2,5,5,1,1.83356
0.77750003,0.74300003,1.71275,1.3640001,1.1645,5,1,2,2,5,5,2,2,5,5,5,1,1.78378
1.47875,1.6955,1.37675,1.9805,1.007,2,5,5,5,5,5,2,5,1,5,2,2,1.32577
1.34375,1.475,1.84025,1.1615,1.1225,1,2,5,1,5,5,5,5,2,5,5,1,1.6875
1.61075,1.25975,1.69625,1.72025,0.6335,5,2,5,5,5,1,1,5,5,2,5,2,1.48938
1.2485,0.77900004,0.93125,0.623,0.79175,2,2,5,1,2,2,5,1,5,5,5,1,2.63132
1.37,1.3347499,1.85375,1.5425,1.952,5,5,5,2,5,5,5,5,2,5,1,1,1.6621
1.4585,1.9145,0.59375,1.3069999,1.05725,5,1,5,2,5,5,5,5,5,1,2,2,1.70142
1.8155,1.8095,0.57425,1.86575,1.1255,5,5,2,5,2,5,5,5,2,5,2,2,1.62136
1.2125001,0.6575,1.87625,1.1930001,1.1240001,2,1,2,1,2,5,5,2,5,2,5,1,1.79721
0.971,0.96275,1.9332501,1.415,0.66575,5,2,5,2,2,5,5,2,5,5,2,2,2.04935
1.00775,1.58675,0.77375,1.1915,1.12025,2,1,5,5,5,1,2,5,5,2,5,1,1.22134
1.1554999,1.0864999,1.835,1.2605,1.5425,2,5,2,5,5,2,5,5,5,2,5,1,2.09378
1.5395,0.57425,0.99875,1.4944999,0.71975,2,5,5,2,5,5,5,2,5,5,5,1,2.22092
1.049,1.72925,1.2035,1.355,1.415,5,5,5,5,5,5,5,1,5,1,5,1,1.87753
1.1405001,1.56725,1.15925,1.00775,0.5435,5,5,2,2,5,5,5,1,2,1,2,1,2.11391
1.94075,0.98375,1.4007499,1.34375,1.19225,5,5,5,5,5,1,5,5,5,5,5,2,1.74183
1.418,1.232,1.16675,0.569,1.51625,5,5,5,5,5,1,2,5,5,1,2,1,3.61766
1.01225,0.7865,0.64925003,0.7565,0.53075,5,1,5,2,5,5,2,2,5,5,5,1,2.69641
1.2260001,1.70525,1.5995001,1.535,0.54575,5,5,5,5,2,5,5,2,5,5,5,2,1.7325
1.44275,0.75049996,1.75175,1.76075,1.3865,1,5,5,5,2,5,1,1,5,5,5,1,1.67708
0.98825,0.626,1.64675,0.95075,1.46225,5,5,1,5,5,5,5,5,5,2,1,1,2.52839
0.52025,1.37975,1.31825,1.475,1.1405001,5,5,5,1,5,5,5,5,1,2,5,1,1.76911
1.43225,1.682,0.602,0.50675,1.82825,5,1,5,5,2,5,2,5,1,5,5,2,4.0506
1.847,1.739,1.2574999,1.7735,1.52525,5,5,2,5,2,5,5,5,5,5,5,2,1.50776
1.77425,1.67225,1.0332501,0.57725,0.97775,1,2,5,2,2,5,5,5,2,5,2,2,2.25441
1.25,0.87049997,0.51725,1.2275,0.974,5,1,5,5,5,5,5,5,5,1,2,2,1.97631
1.9145,0.66575,1.76825,1.61525,1.619,1,5,1,5,2,2,1,2,1,1,5,1,1.67955
0.87049997,0.584,0.6515,1.4585,1.778,5,5,5,5,2,5,1,5,2,5,5,2,1.67408
0.99575,1.4300001,1.9662501,1.901,1.84175,2,5,5,5,2,2,5,5,5,1,5,1,1.56383
1.505,1.6355,0.7835,1.1135,0.539,5,5,5,5,5,5,1,5,2,5,5,1,1.9535
1.22,0.62225,1.40675,1.20725,0.7985,5,5,5,5,5,5,5,5,1,2,2,1,2.22976
0.59000003,0.9455,1.0174999,1.64375,1.73,5,1,5,2,5,5,2,2,5,2,5,2,1.65852
1.3625,1.316,1.8095,1.62275,0.62975,5,2,5,1,2,5,2,2,2,2,1,2,1.45889
1.45925,1.85675,1.646,1.43975,1.4855001,2,5,5,2,2,5,1,1,1,5,5,1,1.47107
1.1255,1.4405,0.93200004,0.66875,1.349,2,2,2,2,5,5,5,5,5,2,1,2,2.81809
1.2005,1.1495,1.69025,1.94375,0.76475,1,2,2,5,2,5,5,5,1,5,2,1,1.56448
1.991,0.59375,0.503,1.09325,0.64024997,5,2,5,2,5,2,2,5,5,5,5,1,1.4646
1.71875,1.7360001,1.0617499,0.91324997,1.59575,5,1,5,5,5,5,5,2,1,5,5,1,2.60799
0.62225,1.4315,1.0467501,0.9395,1.03625,5,1,2,5,2,5,1,5,5,2,5,1,2.108
1.7615,1.2492499,0.5855,1.75325,1.63325,1,5,5,5,5,5,1,5,5,5,5,2,1.33624
1.1645,1.8425,1.05725,0.79775,1.5305,5,5,5,5,2,5,5,5,2,5,1,2,3.16318
1.77575,1.64,1.58675,0.94775,1.0685,5,2,5,5,5,5,2,5,5,1,5,2,2.19736
0.545,1.3985,0.6605,1.81625,1.8545,5,5,5,5,1,5,5,5,2,5,2,1,1.78776
1.2245,0.557,1.19225,1.778,1.57925,5,5,5,5,5,5,5,1,5,5,2,1,1.88741
0.77674997,1.4435,1.4907501,1.793,0.698,5,5,5,5,5,2,5,5,5,2,5,1,1.71738
1.46825,1.0805,0.94475,0.60875,1.67975,5,2,5,5,5,5,1,5,2,1,5,2,3.29543
1.3115001,1.4547501,1.4937501,1.1352501,1.175,5,5,5,5,2,2,1,5,2,5,2,1,1.74105
1.5815,0.908,0.50975,1.2904999,0.58025,2,2,5,2,5,5,1,2,5,5,5,1,1.79064
1.8875,0.61175,1.9235001,0.93575,0.90349996,1,5,1,5,2,5,5,5,5,2,1,1,2.36106
1.043,0.61625,0.63875,0.6575,1.895,5,5,5,5,5,5,5,5,5,5,1,1,3.64432
1.57775,1.9565,1.02875,0.7865,1.181,5,5,5,5,5,5,5,5,5,5,5,2,4.27549
1.3955,0.81949997,0.5795,0.902,1.5875,5,5,1,5,5,5,5,1,5,2,5,2,3.14201
1.142,1.83425,0.782,0.8225,1.175,5,2,5,2,2,5,5,2,5,2,5,1,2.26439
0.55925,1.109,1.4330001,0.704,0.77,5,5,1,2,1,2,5,2,2,5,2,2,2.70834
1.43525,1.78325,0.629,1.4697499,0.50075,5,5,5,5,5,5,5,2,2,1,5,2,1.81834
0.6305,1.571,0.92525,0.854,1.90775,1,1,5,5,2,5,1,2,5,2,1,1,2.42231
1.1652501,1.1945,1.8635,1.30925,1.7015,2,5,1,5,5,5,5,5,2,2,2,1,1.87905
1.10525,1.817,1.36175,1.0625,1.98275,1,5,2,5,2,5,2,5,5,2,5,1,1.7691
1.98575,0.63425,0.872,0.6635,1.92575,5,5,5,1,2,5,5,5,2,5,1,1,3.19219
0.6035,1.3887501,0.6875,1.55525,1.2335,5,5,5,5,1,1,5,2,2,5,5,2,1.8275
0.7985,0.69725,1.76375,1.24325,1.2185,1,5,1,5,2,2,5,5,2,5,5,1,2.06262
1.613,0.95975,1.00025,0.82625,1.85225,5,5,2,5,5,2,1,5,5,2,2,2,2.52981
1.949,1.34375,0.5615,1.02425,0.68299997,2,1,5,5,2,1,5,5,5,5,5,2,2.21498
1.52075,1.2995,1.9385,1.46,1.793,5,5,5,2,5,2,5,1,5,1,1,1,1.58425
0.68225,1.25225,1.637,1.1015,1.4907501,1,1,5,5,5,5,2,5,2,5,5,1,2.25854
1.4975,0.69725,1.16975,1.39475,0.79475,2,5,2,5,2,2,2,2,5,2,5,2,2.64929
0.68675,1.0895,1.32125,0.6065,1.48475,5,5,2,2,2,2,5,5,5,2,2,1,3.39328
0.7175,0.80225,1.4382501,1.6775,1.1645,5,5,2,5,5,2,5,5,5,1,2,2,1.68508
1.65725,1.2545,0.85475004,1.3392501,0.773,5,5,5,5,5,5,5,5,1,5,5,2,1.88284
1.52675,1.412,1.09025,1.0205,0.66425,1,1,2,1,5,5,5,5,5,5,5,1,1.86898
1.54475,1.93475,1.0452499,1.7795,0.55925,2,5,5,5,2,5,5,5,5,2,5,2,1.5619
1.028,1.39625,0.89975,1.037,0.986,5,5,2,5,5,5,2,5,2,2,5,1,2.1463
1.2342501,1.63175,1.6205,0.7745,0.977,5,5,5,5,5,5,5,2,5,5,1,2,3.12789
1.70975,1.07225,1.6340001,1.91375,1.01075,2,2,5,2,5,2,1,5,5,5,5,2,1.41693
1.73675,1.7315,1.33325,0.62375,1.847,5,5,1,1,5,5,5,1,5,2,2,2,2.97347
1.1465,0.74525,1.97075,0.73175,0.65075,5,5,2,1,1,5,5,5,5,5,2,1,3.08185
1.952,0.88100004,1.08725,0.7595,1.8725001,5,2,2,5,5,5,5,5,5,5,5,2,3.20655
1.7870001,1.05875,1.15025,1.58675,0.92675,2,5,2,5,5,1,2,5,5,5,2,2,1.54717
1.18775,1.65725,0.91324997,0.52775,0.746,5,1,5,2,5,5,5,1,2,1,5,1,3.15186
1.60625,1.8477501,0.54875,1.028,1.4284999,2,5,2,2,5,5,5,5,5,1,5,2,1.83877
1.34075,1.37825,0.8225,0.59975,0.55550003,5,2,5,1,5,5,5,2,5,2,5,1,2.99371
0.7715,1.535,1.853,0.89675,1.8365,2,5,5,5,5,5,1,5,5,5,1,2,2.46127
1.94375,1.77575,1.95575,1.085,0.82850003,5,2,5,5,5,1,2,5,2,2,2,2,1.75337
1.0497501,1.7540001,0.69275,0.86375,0.51125,5,5,5,2,5,2,2,5,5,5,5,1,2.07784
1.8245,1.2335,1.18625,1.78025,1.5545,2,5,5,5,5,5,5,2,5,5,5,1,1.49916
1.60175,1.8305,1.5485001,1.99625,1.43375,5,2,2,5,2,1,5,5,2,5,5,2,1.41448
1.55375,1.7225,0.71075,1.412,0.8225,5,5,1,1,2,5,5,5,5,2,1,1,1.54268
0.89675,1.17425,1.92425,1.27475,1.95275,1,5,5,5,2,2,5,5,1,5,5,2,1.78049
1.17725,1.36925,0.6125,1.5635,1.0265,2,5,5,5,2,5,2,2,5,5,5,1,1.56842
1.77425,1.5402501,1.265,1.00175,0.8585,1,5,5,2,2,2,5,2,1,5,5,1,1.90619
1.4742501,0.68825,1.98575,1.6265,1.50725,5,1,5,2,5,5,5,5,5,5,1,2,1.8623
1.64075,0.54425,1.64075,0.53975,1.97075,5,2,5,5,5,5,2,5,5,5,5,2,3.62421
1.40375,0.53525,0.5495,0.86300004,1.3970001,2,5,1,2,5,1,5,2,5,5,1,2,2.86243
0.623,1.088,1.83575,1.1675,0.6395,2,2,5,5,2,2,2,2,5,5,5,1,2.10282
1.53875,0.88775,0.89375,1.016,1.1735001,5,5,5,5,5,2,5,1,5,5,2,1,2.61011
1.79825,0.72574997,1.547,0.80225,0.95525,5,1,2,5,5,2,2,5,1,2,2,1,2.52806
0.674,1.658,1.9497501,1.9332501,1.5057501,2,5,2,5,5,1,5,5,5,5,5,1,1.66348
1.12475,1.6415,1.09175,1.61975,1.39775,2,2,5,5,5,2,2,5,2,5,5,1,1.5048
1.90625,1.54775,0.656,0.99425,0.69425,5,5,5,5,5,2,5,5,2,2,2,1,2.22807
0.5705,1.79825,0.5075,1.70225,1.72025,5,2,5,5,2,5,5,5,5,1,5,1,1.93152
1.481,1.8755,1.7885001,1.301,1.745,2,5,2,2,5,5,5,5,2,5,1,1,1.64811
0.87874997,1.784,0.88625,1.3594999,1.77575,2,5,5,5,5,5,5,5,5,5,1,2,1.79338
1.658,1.75025,1.21625,1.05425,0.626,5,5,5,2,5,2,1,5,5,2,5,1,1.89616
1.60475,0.728,1.85825,1.853,0.97775,5,5,1,2,2,1,2,2,5,5,2,1,1.52104
1.56425,0.5135,1.9250001,0.8675,0.86975,2,5,5,5,5,5,2,2,5,5,5,2,2.44106
0.53075,0.60125,0.56975,1.4007499,1.1194999,5,5,2,2,2,1,5,5,1,5,2,1,2.20244
1.796,1.76375,0.96875,1.95575,1.1315,5,1,2,1,5,5,5,2,5,1,5,1,1.1319
0.89825,1.6340001,1.30175,1.7285,1.1135,5,5,5,2,5,2,5,5,5,5,2,1,1.16644
0.98825,0.98,0.76175,0.5405,1.3264999,5,2,2,5,5,5,5,5,5,5,5,2,4.54373
0.55325,0.794,1.0205,1.2987499,0.81350005,5,5,5,5,5,5,2,1,5,5,2,2,1.99177
1.9085,1.439,0.74525,1.877,1.0422499,2,5,5,2,1,5,1,5,2,5,5,1,1.44537
1.30775,0.977,1.9805,1.733,1.289,5,1,1,2,5,1,5,5,2,5,5,1,1.56204
0.86450005,0.6065,1.625,1.59425,1.3722501,5,5,5,2,2,1,1,2,1,5,5,1,1.8812
1.1435001,0.527,1.8455,0.57425,1.6505,5,5,5,5,5,5,5,5,5,2,5,1,4.13676
1.45025,1.40375,0.55025,0.76100004,1.22,5,5,5,5,5,1,2,5,2,5,2,1,3.07418
0.62225,1.6715,1.1194999,1.424,1.0534999,5,2,5,2,5,5,2,5,1,1,2,1,1.61142
1.8755,1.469,1.18925,0.926,1.2342501,1,5,2,5,5,5,5,2,1,5,5,1,2.19796
1.55225,1.55225,1.721,1.6625,1.07225,2,2,5,5,1,5,2,5,5,2,5,1,1.56665
0.701,1.60175,0.57725,1.19825,1.4247501,2,5,5,5,2,5,2,5,5,2,2,1,1.98536
1.24475,1.63925,0.998,1.24475,1.427,5,2,5,5,5,5,2,1,5,5,5,1,1.71746
0.89975,1.37075,1.1487501,1.8875,1.34,5,5,5,1,1,5,2,5,5,5,5,2,1.18638
1.2214999,1.2185,0.98975,0.5435,0.71000004,2,5,5,5,5,2,5,2,2,1,2,1,1.59597
1.92575,1.46225,1.9265,0.5855,1.7787501,1,1,2,5,5,5,5,5,1,5,2,2,3.26281
1.0534999,1.2455001,1.87175,0.6515,1.0174999,5,5,2,2,5,2,2,1,5,5,5,2,2.51984
1.19075,1.2537501,0.899,0.77225,1.51475,5,2,5,5,5,5,5,5,5,2,5,2,3.32119
1.8845,0.61475,0.8075,0.57125,0.839,5,2,5,1,5,5,2,5,5,2,5,1,2.38077
1.1765001,1.08725,1.1465,0.64325,1.0715001,2,5,2,5,1,5,5,5,2,5,5,2,3.89959
1.025,1.031,1.9250001,0.97925,1.0055001,2,5,5,5,5,5,2,5,5,1,5,1,2.57881
1.12325,1.9565,0.75049996,1.2935,0.95449996,5,2,5,2,5,5,5,2,5,5,2,1,1.49351
1.076,1.27175,1.84325,0.66875,1.07225,5,5,5,5,2,5,5,5,5,5,5,2,5.17489
0.998,1.03775,1.01825,1.68725,1.99175,1,5,5,5,5,2,5,5,1,5,1,2,1.55525
1.06475,1.3264999,1.61975,0.96424997,1.07075,5,2,2,5,2,5,5,5,5,5,2,1,2.35616
1.72475,1.0985,1.355,0.93050003,1.2365,2,1,5,2,1,5,2,5,5,5,5,1,2.09643
1.22525,1.4555,1.97,0.5285,0.5735,5,5,2,5,5,5,2,5,2,5,5,2,3.65303
1.87025,1.025,0.98825,1.049,1.62725,5,1,5,5,1,2,2,1,5,2,5,1,2.07369
0.70325,1.2365,1.02275,0.7475,1.9475,2,2,5,5,5,5,1,5,2,2,5,2,2.83167
0.85475004,1.86575,1.2012501,0.64475,0.63199997,5,5,5,1,1,5,5,5,2,5,1,1,3.31639
0.869,1.019,1.148,1.8545,1.67075,2,1,5,5,5,5,5,5,5,1,5,1,1.5804
1.9685,0.78425,1.24025,1.36175,0.73925,2,1,2,5,5,5,5,5,5,2,2,2,1.84633
1.75025,0.554,1.67525,0.9875,1.0332501,5,5,5,1,5,5,2,1,5,2,1,1,2.01954
0.992,0.83525,1.3295,0.67325,0.80375004,1,2,5,5,5,5,5,5,1,5,5,1,3.25618
1.0782499,1.99025,0.51875,0.78575003,1.5747501,1,2,5,5,2,1,5,5,5,1,5,2,2.50859
1.53725,1.6385,1.553,1.52525,1.27925,5,2,5,5,2,2,5,5,5,5,2,1,1.36281
1.3227501,0.93875,0.9365,1.349,0.5675,2,1,5,2,5,1,2,2,5,5,5,2,2.02752
0.92675,0.716,0.84575,1.3415,0.896,5,5,2,1,5,5,2,5,2,2,5,2,1.66444
1.1825,1.9415001,1.23875,1.1675,1.81025,5,5,5,5,1,5,5,1,2,5,5,1,1.90103
1.223,0.5735,1.39775,1.29125,1.7945,5,5,2,2,2,1,5,2,5,2,2,2,2.16881
1.58075,1.27175,1.3655,0.8885,1.86875,5,5,5,5,5,2,5,1,5,2,2,2,2.391
0.58025,0.8255,1.0085,1.65125,1.51475,5,5,5,1,5,5,5,2,2,5,1,1,1.87291
1.1585,0.90875,1.7735,1.0985,1.9835,2,5,2,5,5,2,5,5,5,5,5,2,1.9426
1.1525,1.23125,0.5675,1.14125,0.6515,1,2,5,2,2,2,2,5,5,5,1,1,1.76997
0.88775,1.88,0.6545,1.0235,0.854,5,5,2,5,5,2,1,5,1,5,5,1,2.1149
0.56,1.3355,1.5845,1.2365,0.926,2,2,2,5,5,5,5,5,5,5,5,2,2.06499
1.4165001,1.4225,0.701,1.1825,1.06025,2,5,1,5,5,1,5,2,2,5,5,2,1.62878
1.0895,0.8735,0.79925,0.97475004,0.94175,2,5,2,1,5,1,5,5,5,5,5,1,1.85592
0.68299997,1.34075,1.60175,1.232,1.41575,2,2,5,5,1,5,2,1,2,5,5,1,1.81976
1.9295,1.1375,0.64625,1.811,0.9785,5,5,5,5,5,5,5,5,5,5,5,2,1.55221
1.1705,0.58325,0.62225,0.7415,0.67175,1,5,5,5,5,5,2,5,5,1,2,1,3.09072
1.3175,1.10825,1.51175,0.9965,1.32725,5,2,5,5,5,2,5,1,1,2,5,1,2.23117
1.47575,1.40975,1.46825,0.8435,1.66925,5,5,5,5,5,2,5,2,2,5,5,1,2.48558
1.19375,1.85525,1.6505,1.37525,0.54875,5,5,2,5,5,2,5,2,5,2,5,2,1.78429
1.75475,1.1675,1.337,1.6355,1.73075,5,5,2,5,2,5,1,5,5,5,5,1,1.46697
1.094,0.623,1.89275,1.442,1.5905,5,5,1,2,1,5,2,5,5,5,5,2,1.8255
1.17575,1.394,0.755,1.2185,1.073,1,2,5,2,5,5,5,2,5,1,5,2,1.6523
1.00175,0.76699996,1.15475,1.5545,0.96275,5,2,5,1,5,5,5,5,5,5,5,2,1.75632
0.97775,1.40675,0.5885,1.50425,1.02425,2,5,5,5,2,1,5,2,2,2,2,1,1.66273
1.2290001,1.0355,0.9125,1.682,1.85,1,1,5,2,5,2,5,2,5,5,5,2,1.48584
1.0864999,1.9475,0.86074996,0.63875,0.71675,2,5,5,5,2,2,5,2,2,2,2,1,1.19592
1.4937501,0.72650003,1.20425,1.9205,1.6535,1,5,5,2,5,5,5,5,5,5,5,1,1.48994
1.5425,0.79925,1.913,1.388,1.94825,5,2,1,5,5,1,5,2,5,5,2,2,1.76119
1.2335,1.04375,1.1352501,0.88100004,1.82675,5,1,5,5,5,5,1,5,1,5,1,1,2.27782
1.2297499,1.0475,1.2095001,1.4614999,0.72425,2,2,5,2,2,5,2,5,5,5,5,1,1.64937
0.6935,1.74725,0.67625,1.19975,1.769,5,2,2,5,5,5,1,5,5,5,2,2,1.81913
1.1105,1.62425,1.70225,0.55925,1.01,5,2,5,5,5,2,5,5,5,5,5,1,4.23908
1.007,1.53275,1.325,1.7195001,1.6325,5,5,2,2,2,5,5,5,5,5,5,2,1.52143
1.31,1.7360001,0.56675,1.3512499,0.97925,2,5,2,2,5,5,5,5,2,2,5,1,1.70676
0.53975,0.73325,1.36925,0.5135,1.0550001,2,5,5,2,2,5,2,5,5,5,2,2,3.56758
1.7555,1.75625,0.7715,0.815,1.78025,5,5,5,5,2,2,5,2,2,5,5,2,2.7835
1.8665,1.87925,1.0235,1.196,0.75575,5,2,2,5,5,5,5,5,2,5,2,2,1.82159
1.5905,1.03625,0.80525,1.48325,1.05575,5,5,5,2,5,5,5,2,5,5,5,2,1.68163
1.66625,1.415,1.928,1.097,1.286,5,5,2,5,5,5,2,5,5,5,5,2,2.20068
1.6865,1.6850001,1.88375,1.3527501,1.63175,2,2,5,2,1,1,5,5,5,5,2,2,1.24449
0.521,1.538,1.0257499,1.59425,1.202,2,5,5,2,5,5,5,5,5,5,2,2,1.42314
1.859,1.28075,1.55075,1.25675,1.013,2,1,5,5,5,5,5,2,5,5,5,2,1.75185
0.68075,1.664,1.865,1.217,1.24325,5,5,5,5,2,1,5,5,5,5,5,2,1.93046
0.5345,1.4495001,0.839,0.59225,0.5285,5,5,1,5,2,5,5,5,5,5,5,2,3.87834
1.01825,0.83675003,1.0025,1.52,1.72625,5,2,5,1,5,5,2,1,1,5,5,2,1.54811
1.00025,1.934,1.59575,0.824,1.3594999,5,5,2,5,5,1,5,2,2,5,5,2,2.76154
1.48175,1.94225,0.7745,1.175,1.37825,5,5,2,2,5,5,2,2,5,2,2,1,1.49539
1.2365,1.48175,1.0910001,1.3805001,0.93575,5,2,5,5,5,2,1,5,2,5,5,2,1.55528
1.4367499,1.4855001,1.80725,1.0145,1.3145001,5,5,5,5,5,5,5,5,5,2,5,1,2.32343
0.80225,1.0452499,0.659,0.78499997,0.5195,5,5,5,1,5,5,5,5,2,5,5,2,2.87507
1.21175,1.83275,1.10525,1.8515,1.6085,5,5,5,2,5,2,1,2,5,5,5,1,1.37544
1.3264999,1.6295,1.90775,1.1029999,1.8035,2,2,5,5,5,2,5,5,2,2,5,1,1.85256
0.87125003,1.77275,1.81775,1.59425,1.01225,5,2,5,5,2,1,2,5,5,5,2,2,0.895792
0.80075,0.97175,1.088,1.8755,0.62825,5,1,2,5,5,5,1,2,5,5,5,1,0.94484
0.90125,1.6505,1.118,1.74125,0.54725,5,5,5,5,1,5,5,2,2,5,5,1,1.72761
1.18325,1.10075,1.3865,1.8125,1.598,5,5,5,2,5,2,1,5,5,2,5,1,1.48946
1.43375,1.5545,0.61775,1.814,0.90275,5,2,1,2,5,1,2,2,2,2,2,2,1.36646
1.27175,1.51775,1.4555,1.043,0.995,5,2,5,2,5,5,2,5,2,5,5,2,1.92414
0.8915,1.35725,1.769,0.73475003,0.63725,5,1,1,2,5,5,2,5,5,2,2,2,2.69847
1.8575,1.83125,1.631,1.47125,0.77975,2,2,5,5,1,5,2,1,5,1,2,1,1.55206
0.827,1.847,1.50425,0.97775,0.5855,2,5,2,5,2,2,2,5,1,1,1,2,2.10208
1.8725001,1.7855,1.3415,0.671,1.76,5,5,5,5,5,5,5,1,5,5,2,1,3.38247
0.7865,1.47125,0.851,1.2275,1.38125,1,5,5,5,2,5,5,5,5,5,5,2,1.88394
1.79525,0.8945,1.67375,0.59000003,0.6155,1,5,2,2,2,2,1,5,2,2,1,1,2.95626
1.8785,1.1240001,0.716,0.8165,1.10525,5,5,5,5,5,5,1,2,2,5,5,2,2.9906
1.41725,1.94375,1.196,1.5215,1.91375,2,2,5,5,5,5,5,5,1,5,5,2,1.40655
1.9325,1.3310001,0.524,1.6475,1.5035,5,5,5,5,1,5,5,2,2,5,5,1,1.7053
1.7015,0.99724996,0.86975,1.4990001,1.385,5,2,5,5,5,2,5,5,1,1,2,1,1.66902
0.54425,0.83375,1.55375,1.358,1.853,2,1,2,5,5,5,2,5,1,5,5,1,1.80579
0.88625,0.74675,1.5365,1.28375,0.851,2,5,2,2,5,5,2,5,2,5,5,2,1.94205
1.2620001,1.92125,1.2739999,1.12025,1.9145,2,5,5,2,5,5,2,1,1,5,2,2,1.58128
1.20275,0.6935,0.689,1.49525,1.26425,5,5,2,1,1,2,1,5,5,2,5,1,1.73152
1.2995,1.3145001,1.4382501,0.65825,1.0992501,5,2,5,5,5,5,2,1,5,5,5,2,3.02586
1.71875,1.694,1.502,1.9985,1.15925,5,5,5,5,5,1,5,1,2,5,2,2,1.38541
1.32875,1.9265,1.51775,1.07525,1.55975,5,5,5,5,1,5,5,5,5,5,2,2,2.3361
1.2177501,1.3759999,0.97775,1.41725,1.3234999,5,5,5,5,2,2,2,1,2,5,5,1,1.48543
1.28375,0.842,0.77,0.81875,1.6625,5,5,5,5,5,2,1,5,5,5,5,1,2.65144
1.6595,0.69949996,1.14275,1.53875,1.72925,5,5,2,2,5,5,1,5,5,2,2,1,1.44384
1.68275,0.93200004,1.2950001,0.94850004,0.827,5,5,5,1,5,2,2,1,1,1,5,2,1.35774
1.208,1.1615,1.85675,1.3557501,1.72175,5,2,5,5,1,1,5,5,2,5,1,1,1.49847
0.79475,1.9662501,1.4779999,0.87425,1.26125,5,5,5,5,1,2,5,5,5,1,5,2,2.73758
1.082,1.382,0.96125,1.81925,0.98525,1,5,5,5,5,5,5,5,5,1,5,1,1.55916
1.69025,0.665,1.02125,1.109,0.99875,5,5,5,5,5,5,1,5,5,5,5,2,2.05997
1.1240001,0.8495,0.884,1.028,0.85175,5,5,5,5,5,5,5,5,5,5,5,2,2.34504
1.487,1.54325,1.51325,1.6535,1.31075,2,5,2,5,5,5,5,5,2,5,2,2,1.59116
0.7475,1.7765,1.463,1.0992501,1.32125,5,5,5,1,5,5,5,2,2,2,5,2,1.92436
0.98899996,1.41125,0.60725,0.95675004,1.1915,5,5,5,5,5,2,5,1,5,5,1,2,2.3126
1.7795,1.9655,0.6275,0.58175,0.76699996,2,1,5,1,2,1,5,2,5,1,5,1,2.36007
1.0257499,1.17125,0.79625,0.50375,1.37,5,5,5,2,5,2,5,2,1,5,5,1,3.3745
1.9760001,1.883,1.18325,0.911,0.75049996,1,5,5,5,5,2,5,5,2,5,2,1,2.19671
